Emp #,Full Name,Line #,Sun,Mon,Tues,Wed,Thur,Fri,Sat,Week,Gender,Shift Type,hrs,Type,Notes:,,Notes -Sun,Notes - Mon,Notes -Tues,Notes - Wed,Notes - Thur,Notes -Fri,Notes - Sat,,,PT/FT,,With Sat/Sun Off,With Sun Off,With Sat Off,Remaining shifts 
,,1,0400-1400 DI:,0400-1400 DI:,0400-1400 DI:,0400-1400 DI:,X,X,X,Week 1,,4x10,40,DI,,,,,,,,,,,,FT,-,-,-,-,FTDI
,,2,X,X,X,0400-1400 DI:,0400-1400 DI:,0400-1400 DI:,0400-1400 DI:,Week 2,,4x10,40,DI,,,,,,,,,,,,FT,-,-,-,-,FTDI
,,3,X,X,0400-1400 DI:,0400-1400 DI:,X,0400-1400 DI:,0400-1400 DI:,Week 3,,4x10,40,DI,,,,,,,,,,,,FT,-,-,-,-,FTDI
,,4,0400-1400 DI:,0400-1400 DI:,X,X,0400-1400 DI:,X,0400-1400 DI:,Week 4,,4x10,40,DI,,,,,,,,,,,,FT,-,-,-,-,FTDI
,,5,0400-1400 DI:,0400-1400 DI:,X,X,0400-1400 DI:,0400-1400 DI:,X,Week 5,,4x10,40,DI,,,,,,,,,,,,FT,-,-,-,-,FTDI
,,6,1400-0000 DI:,1400-0000 DI:,1400-0000 DI:,1400-0000 DI:,X,X,X,Week 1,,4x10,40,DI,,,,,,,,,,,,FT,-,-,-,-,FTDI
,,7,X,X,X,1400-0000 DI:,1400-0000 DI:,1400-0000 DI:,1400-0000 DI:,Week 2,,4x10,40,DI,,,,,,,,,,,,FT,-,-,-,-,FTDI
,,8,X,X,1400-0000 DI:,1400-0000 DI:,X,1400-0000 DI:,1400-0000 DI:,Week 3,,4x10,40,DI,,,,,,,,,,,,FT,-,-,-,-,FTDI
,,9,1400-0000 DI:,1400-0000 DI:,X,X,1400-0000 DI:,X,1400-0000 DI:,Week 4,,4x10,40,DI,,,,,,,,,,,,FT,-,-,-,-,FTDI
,,10,1400-0000 DI:,1400-0000 DI:,X,X,1400-0000 DI:,1400-0000 DI:,X,Week 5,,4x10,40,DI,,,,,,,,,,,,FT,-,-,-,-,FTDI
,,11,X,X,0200-1000 DI:,0200-1000 DI:,0200-1000 DI:,0200-1000 DI:,0200-1000 DI:,,,5x8,40,DI,,,,,,,,,,,,FT,-,-,-,-,FTDI
,,12,0200-1000 DI:,X,X,0200-1000 DI:,0200-1000 DI:,0200-1000 DI:,0200-1000 DI:,,,5x8,40,DI,,,,,,,,,,,,FT,-,-,-,-,FTDI
,,13,0200-1000 DI:,0200-1000 DI:,X,X,0200-1000 DI:,0200-1000 DI:,0200-1000 DI:,,,5x8,40,DI,,,,,,,,,,,,FT,-,-,-,-,FTDI
,,14,0200-1000 DI:,0200-1000 DI:,0200-1000 DI:,X,X,0200-1000 DI:,0200-1000 DI:,,,5x8,40,DI,,,,,,,,,,,,FT,-,-,-,-,FTDI
,,15,0200-1000 DI:,0200-1000 DI:,0200-1000 DI:,0200-1000 DI:,X,X,0200-1000 DI:,,,5x8,40,DI,,,,,,,,,,,,FT,-,-,-,-,FTDI
,,16,0200-1000 DI:,0200-1000 DI:,0200-1000 DI:,0200-1000 DI:,0200-1000 DI:,X,X,,,5x8,40,DI,,,,,,,,,,,,FT,-,-,-,-,FTDI
,,17,X,0200-1000 DI:,0200-1000 DI:,0200-1000 DI:,0200-1000 DI:,0200-1000 DI:,X,,,5x8,40,DI,,,,,,,,,,,,FT,-,-,-,-,FTDI
,,18,0200-1000 DI:,X,X,0200-1000 DI:,0200-1000 DI:,0200-1000 DI:,0200-1000 DI:,,,5x8,40,DI,,,,,,,,,,,,FT,-,-,-,-,FTDI
,,19,0200-1000 DI:,X,X,0200-1000 DI:,0200-1000 DI:,0200-1000 DI:,0200-1000 DI:,,,5x8,40,DI,,,,,,,,,,,,FT,-,-,-,-,FTDI
,,20,0200-1000 DI:,0200-1000 DI:,0200-1000 DI:,0200-1000 DI:,X,X,0200-1000 DI:,,,5x8,40,DI,,,,,,,,,,,,FT,-,-,-,-,FTDI
,,21,0200-1000 DI:,0200-1000 DI:,0200-1000 DI:,0200-1000 DI:,X,X,0200-1000 DI:,,,5x8,40,DI,,,,,,,,,,,,FT,-,-,-,-,FTDI
,,22,X,0200-1000 DI:,0200-1000 DI:,0200-1000 DI:,0200-1000 DI:,0200-1000 DI:,X,,,5x8,40,DI,,,,,,,,,,,,FT,-,-,-,-,FTDI
,,23,X,X,0300-1100 DI:,0300-1100 DI:,0300-1100 DI:,0300-1100 DI:,0300-1100 DI:,,,5x8,40,DI,,,,,,,,,,,,FT,-,-,-,-,FTDI
,,24,0300-1100 DI:,X,X,0300-1100 DI:,0300-1100 DI:,0300-1100 DI:,0300-1100 DI:,,,5x8,40,DI,,,,,,,,,,,,FT,-,-,-,-,FTDI
,,25,0300-1100 DI:,0300-1100 DI:,X,X,0300-1100 DI:,0300-1100 DI:,0300-1100 DI:,,,5x8,40,DI,,,,,,,,,,,,FT,-,-,-,-,FTDI
,,26,0300-1100 DI:,0300-1100 DI:,0300-1100 DI:,X,X,0300-1100 DI:,0300-1100 DI:,,,5x8,40,DI,,,,,,,,,,,,FT,-,-,-,-,FTDI
,,27,0300-1100 DI:,0300-1100 DI:,0300-1100 DI:,0300-1100 DI:,X,X,0300-1100 DI:,,,5x8,40,DI,,,,,,,,,,,,FT,-,-,-,-,FTDI
,,28,0300-1100 DI:,0300-1100 DI:,0300-1100 DI:,0300-1100 DI:,0300-1100 DI:,X,X,,,5x8,40,DI,,,,,,,,,,,,FT,-,-,-,-,FTDI
,,29,X,0315-1115 DI:,0315-1115 DI:,0315-1115 DI:,0315-1115 DI:,0315-1115 DI:,X,,,5x8,40,DI,,,,,,,,,,,,FT,-,-,-,-,FTDI
,,30,X,X,X,0330-1330 DI:,0330-1330 DI:,0330-1330 DI:,0330-1330 DI:,,,4x10,40,DI,,,,,,,,,,,,FT,-,-,-,-,FTDI
,,31,0330-1130 DI:,X,X,0330-1130 DI:,0330-1130 DI:,0330-1130 DI:,0330-1130 DI:,,,5x8,40,DI,,,,,,,,,,,,FT,-,-,-,-,FTDI
,,32,0330-1130 DI:,X,X,0330-1130 DI:,0330-1130 DI:,0330-1130 DI:,0330-1130 DI:,,,5x8,40,DI,,,,,,,,,,,,FT,-,-,-,-,FTDI
,,33,0330-1330 DI:,0330-1330 DI:,0330-1330 DI:,X,X,X,0330-1330 DI:,,,4x10,40,DI,,,,,,,,,,,,FT,-,-,-,-,FTDI
,,34,0330-1130 DI:,0330-1130 DI:,0330-1130 DI:,0330-1130 DI:,X,X,0330-1130 DI:,,,5x8,40,DI,,,,,,,,,,,,FT,-,-,-,-,FTDI
,,35,0330-1330 DI:,0330-1330 DI:,0330-1330 DI:,0330-1330 DI:,X,X,X,,,4x10,40,DI,,,,,,,,,,,,FT,-,-,-,-,FTDI
,,36,X,0230-1230 DI:,0230-1230 DI:,0230-1230 DI:,0230-1230 DI:,X,X,,,4x10,40,DI,,,,,,,,,,,,FT,-,-,-,-,FTDI
,,37,X,X,X,0345-1345 DI:,0345-1345 DI:,0345-1345 DI:,0345-1345 DI:,,,4x10,40,DI,,,,,,,,,,,,FT,-,-,-,-,FTDI
,,38,0345-1345 DI:,X,X,X,0345-1345 DI:,0345-1345 DI:,0345-1345 DI:,,,4x10,40,DI,,,,,,,,,,,,FT,-,-,-,-,FTDI
,,39,0345-1345 DI:,0345-1345 DI:,X,X,X,0345-1345 DI:,0345-1345 DI:,,,4x10,40,DI,,,,,,,,,,,,FT,-,-,-,-,FTDI
,,40,0345-1345 DI:,0345-1345 DI:,0345-1345 DI:,X,X,X,0345-1345 DI:,,,4x10,40,DI,,,,,,,,,,,,FT,-,-,-,-,FTDI
,,41,0345-1345 DI:,0345-1345 DI:,0345-1345 DI:,0345-1345 DI:,X,X,X,,,4x10,40,DI,,,,,,,,,,,,FT,-,-,-,-,FTDI
,,42,X,0345-1345 DI:,0345-1345 DI:,0345-1345 DI:,0345-1345 DI:,X,X,,,4x10,40,DI,,,,,,,,,,,,FT,-,-,-,-,FTDI
,,43,X,X,0345-1345 DI:,0345-1345 DI:,0345-1345 DI:,0345-1345 DI:,X,,,4x10,40,DI,,,,,,,,,,,,FT,-,-,-,-,FTDI
,,44,X,X,X,0415-1415 DI:,0415-1415 DI:,0415-1415 DI:,0415-1415 DI:,,,4x10,40,DI,,,,,,,,,,,,FT,-,-,-,-,FTDI
,,45,0415-1415 DI:,X,X,X,0415-1415 DI:,0415-1415 DI:,0415-1415 DI:,,,4x10,40,DI,,,,,,,,,,,,FT,-,-,-,-,FTDI
,,46,0415-1415 DI:,0415-1415 DI:,X,X,X,0415-1415 DI:,0415-1415 DI:,,,4x10,40,DI,,,,,,,,,,,,FT,-,-,-,-,FTDI
,,47,0415-1415 DI:,0415-1415 DI:,0415-1415 DI:,X,X,X,0415-1415 DI:,,,4x10,40,DI,,,,,,,,,,,,FT,-,-,-,-,FTDI
,,48,0415-1415 DI:,0415-1415 DI:,0415-1415 DI:,0415-1415 DI:,X,X,X,,,4x10,40,DI,,,,,,,,,,,,FT,-,-,-,-,FTDI
,,49,X,0415-1415 DI:,0415-1415 DI:,0415-1415 DI:,0415-1415 DI:,X,X,,,4x10,40,DI,,,,,,,,,,,,FT,-,-,-,-,FTDI
,,50,X,X,0415-1415 DI:,0415-1415 DI:,0415-1415 DI:,0415-1415 DI:,X,,,4x10,40,DI,,,,,,,,,,,,FT,-,-,-,-,FTDI
,,51,X,X,0430-1230 DI:,0430-1230 DI:,0430-1230 DI:,0430-1230 DI:,0430-1230 DI:,,,5x8,40,DI,,,,,,,,,,,,FT,-,-,-,-,FTDI
,,52,0430-1230 DI:,X,X,0430-1230 DI:,0430-1230 DI:,0430-1230 DI:,0430-1230 DI:,,,5x8,40,DI,,,,,,,,,,,,FT,-,-,-,-,FTDI
,,53,0430-1230 DI:,X,X,0430-1230 DI:,0430-1230 DI:,0430-1230 DI:,0430-1230 DI:,,,5x8,40,DI,,,,,,,,,,,,FT,-,-,-,-,FTDI
,,54,0430-1230 DI:,0430-1230 DI:,0430-1230 DI:,0430-1230 DI:,X,X,0430-1230 DI:,,,5x8,40,DI,,,,,,,,,,,,FT,-,-,-,-,FTDI
,,55,0430-1230 DI:,0430-1230 DI:,0430-1230 DI:,0430-1230 DI:,X,X,0430-1230 DI:,,,5x8,40,DI,,,,,,,,,,,,FT,-,-,-,-,FTDI
,,56,0430-1230 DI:,0430-1230 DI:,0430-1230 DI:,0430-1230 DI:,0430-1230 DI:,X,X,,,5x8,40,DI,,,,,,,,,,,,FT,-,-,-,-,FTDI
,,57,X,0430-1230 DI:,0430-1230 DI:,0430-1230 DI:,0430-1230 DI:,0430-1230 DI:,X,,,5x8,40,DI,,,,,,,,,,,,FT,-,-,-,-,FTDI
,,58,X,X,X,0430-1430 DI:,0430-1430 DI:,0430-1430 DI:,0430-1430 DI:,,,4x10,40,DI,,,,,,,,,,,,FT,-,-,-,-,FTDI
,,59,0430-1430 DI:,X,X,X,0430-1430 DI:,0430-1430 DI:,0430-1430 DI:,,,4x10,40,DI,,,,,,,,,,,,FT,-,-,-,-,FTDI
,,60,0430-1430 DI:,0430-1430 DI:,X,X,X,0430-1430 DI:,0430-1430 DI:,,,4x10,40,DI,,,,,,,,,,,,FT,-,-,-,-,FTDI
,,61,0430-1430 DI:,0430-1430 DI:,0430-1430 DI:,X,X,X,0430-1430 DI:,,,4x10,40,DI,,,,,,,,,,,,FT,-,-,-,-,FTDI
,,62,0430-1430 DI:,0430-1430 DI:,0430-1430 DI:,0430-1430 DI:,X,X,X,,,4x10,40,DI,,,,,,,,,,,,FT,-,-,-,-,FTDI
,,63,X,0430-1430 DI:,0430-1430 DI:,0430-1430 DI:,0430-1430 DI:,X,X,,,4x10,40,DI,,,,,,,,,,,,FT,-,-,-,-,FTDI
,,64,X,X,0330-1330 DI:,0330-1330 DI:,0330-1330 DI:,0330-1330 DI:,X,,,4x10,40,DI,,,,,,,,,,,,FT,-,-,-,-,FTDI
,,65,X,X,0445-1245 DI:,0445-1245 DI:,0445-1245 DI:,0445-1245 DI:,0445-1245 DI:,,,5x8,40,DI,,,,,,,,,,,,FT,-,-,-,-,FTDI
,,66,0445-1245 DI:,X,X,0445-1245 DI:,0445-1245 DI:,0445-1245 DI:,0445-1245 DI:,,,5x8,40,DI,,,,,,,,,,,,FT,-,-,-,-,FTDI
,,67,0445-1245 DI:,X,X,0445-1245 DI:,0445-1245 DI:,0445-1245 DI:,0445-1245 DI:,,,5x8,40,DI,,,,,,,,,,,,FT,-,-,-,-,FTDI
,,68,0445-1245 DI:,0445-1245 DI:,0445-1245 DI:,0445-1245 DI:,X,X,0445-1245 DI:,,,5x8,40,DI,,,,,,,,,,,,FT,-,-,-,-,FTDI
,,69,0445-1245 DI:,0445-1245 DI:,0445-1245 DI:,0445-1245 DI:,X,X,0445-1245 DI:,,,5x8,40,DI,,,,,,,,,,,,FT,-,-,-,-,FTDI
,,70,0445-1245 DI:,0445-1245 DI:,0445-1245 DI:,0445-1245 DI:,0445-1245 DI:,X,X,,,5x8,40,DI,,,,,,,,,,,,FT,-,-,-,-,FTDI
,,71,X,0445-1245 DI:,0445-1245 DI:,0445-1245 DI:,0445-1245 DI:,0445-1245 DI:,X,,,5x8,40,DI,,,,,,,,,,,,FT,-,-,-,-,FTDI
,,72,X,X,0500-1300 DI:,0500-1300 DI:,0500-1300 DI:,0500-1300 DI:,0500-1300 DI:,,,5x8,40,DI,,,,,,,,,,,,FT,-,-,-,-,FTDI
,,73,0500-1300 DI:,X,X,0500-1300 DI:,0500-1300 DI:,0500-1300 DI:,0500-1300 DI:,,,5x8,40,DI,,,,,,,,,,,,FT,-,-,-,-,FTDI
,,74,0500-1300 DI:,X,X,0500-1300 DI:,0500-1300 DI:,0500-1300 DI:,0500-1300 DI:,,,5x8,40,DI,,,,,,,,,,,,FT,-,-,-,-,FTDI
,,75,0500-1300 DI:,0500-1300 DI:,0500-1300 DI:,0500-1300 DI:,X,X,0500-1300 DI:,,,5x8,40,DI,,,,,,,,,,,,FT,-,-,-,-,FTDI
,,76,0500-1300 DI:,0500-1300 DI:,0500-1300 DI:,0500-1300 DI:,X,X,0500-1300 DI:,,,5x8,40,DI,,,,,,,,,,,,FT,-,-,-,-,FTDI
,,77,0500-1300 DI:,0500-1300 DI:,0500-1300 DI:,0500-1300 DI:,0500-1300 DI:,X,X,,,5x8,40,DI,,,,,,,,,,,,FT,-,-,-,-,FTDI
,,78,X,0500-1300 DI:,0500-1300 DI:,0500-1300 DI:,0500-1300 DI:,0500-1300 DI:,X,,,5x8,40,DI,,,,,,,,,,,,FT,-,-,-,-,FTDI
,,79,X,X,X,1000-2000 DI:,1000-2000 DI:,1000-2000 DI:,1000-2000 DI:,,,4x10,40,DI,,,,,,,,,,,,FT,-,-,-,-,FTDI
,,80,1000-2000 DI:,X,X,X,1000-2000 DI:,1000-2000 DI:,1000-2000 DI:,,,4x10,40,DI,,,,,,,,,,,,FT,-,-,-,-,FTDI
,,81,1000-2000 DI:,1000-2000 DI:,X,X,X,1000-2000 DI:,1000-2000 DI:,,,4x10,40,DI,,,,,,,,,,,,FT,-,-,-,-,FTDI
,,82,1000-2000 DI:,1000-2000 DI:,1000-2000 DI:,X,X,X,1000-2000 DI:,,,4x10,40,DI,,,,,,,,,,,,FT,-,-,-,-,FTDI
,,83,1000-2000 DI:,1000-2000 DI:,1000-2000 DI:,1000-2000 DI:,X,X,X,,,4x10,40,DI,,,,,,,,,,,,FT,-,-,-,-,FTDI
,,84,X,1000-2000 DI:,1000-2000 DI:,1000-2000 DI:,1000-2000 DI:,X,X,,,4x10,40,DI,,,,,,,,,,,,FT,-,-,-,-,FTDI
,,85,X,X,1000-2000 DI:,1000-2000 DI:,1000-2000 DI:,1000-2000 DI:,X,,,4x10,40,DI,,,,,,,,,,,,FT,-,-,-,-,FTDI
,,86,1030-1830 DI:,X,X,1030-1830 DI:,1030-1830 DI:,1030-1830 DI:,1030-1830 DI:,,,5x8,40,DI,,,,,,,,,,,,FT,-,-,-,-,FTDI
,,87,1030-1830 DI:,X,X,1030-1830 DI:,1030-1830 DI:,1030-1830 DI:,1030-1830 DI:,,,5x8,40,DI,,,,,,,,,,,,FT,-,-,-,-,FTDI
,,88,1030-1830 DI:,X,X,1030-1830 DI:,1030-1830 DI:,1030-1830 DI:,1030-1830 DI:,,,5x8,40,DI,,,,,,,,,,,,FT,-,-,-,-,FTDI
,,89,1030-1830 DI:,1030-1830 DI:,1030-1830 DI:,1030-1830 DI:,X,X,1030-1830 DI:,,,5x8,40,DI,,,,,,,,,,,,FT,-,-,-,-,FTDI
,,90,1030-1830 DI:,1030-1830 DI:,1030-1830 DI:,1030-1830 DI:,X,X,1030-1830 DI:,,,5x8,40,DI,,,,,,,,,,,,FT,-,-,-,-,FTDI
,,91,1030-1830 DI:,1030-1830 DI:,1030-1830 DI:,1030-1830 DI:,1030-1830 DI:,X,X,,,5x8,40,DI,,,,,,,,,,,,FT,-,-,-,-,FTDI
,,92,1030-1830 DI:,1030-1830 DI:,1030-1830 DI:,1030-1830 DI:,1030-1830 DI:,X,X,,,5x8,40,DI,,,,,,,,,,,,FT,-,-,-,-,FTDI
,,93,X,X,1045-1845 DI:,1045-1845 DI:,1045-1845 DI:,1045-1845 DI:,1045-1845 DI:,,,5x8,40,DI,,,,,,,,,,,,FT,-,-,-,-,FTDI
,,94,1045-1845 DI:,X,X,1045-1845 DI:,1045-1845 DI:,1045-1845 DI:,1045-1845 DI:,,,5x8,40,DI,,,,,,,,,,,,FT,-,-,-,-,FTDI
,,95,1045-1845 DI:,1045-1845 DI:,X,X,1045-1845 DI:,1045-1845 DI:,1045-1845 DI:,,,5x8,40,DI,,,,,,,,,,,,FT,-,-,-,-,FTDI
,,96,1045-1845 DI:,1045-1845 DI:,1045-1845 DI:,X,X,1045-1845 DI:,1045-1845 DI:,,,5x8,40,DI,,,,,,,,,,,,FT,-,-,-,-,FTDI
,,97,1045-1845 DI:,1045-1845 DI:,1045-1845 DI:,1045-1845 DI:,X,X,1045-1845 DI:,,,5x8,40,DI,,,,,,,,,,,,FT,-,-,-,-,FTDI
,,98,1045-1845 DI:,1045-1845 DI:,1045-1845 DI:,1045-1845 DI:,1045-1845 DI:,X,X,,,5x8,40,DI,,,,,,,,,,,,FT,-,-,-,-,FTDI
,,99,1045-1845 DI:,1045-1845 DI:,1045-1845 DI:,1045-1845 DI:,1045-1845 DI:,X,X,,,5x8,40,DI,,,,,,,,,,,,FT,-,-,-,-,FTDI
,,100,X,X,X,1100-2100 DI:,1100-2100 DI:,1100-2100 DI:,1100-2100 DI:,,,4x10,40,DI,,,,,,,,,,,,FT,-,-,-,-,FTDI
,,101,1100-2100 DI:,X,X,X,1100-2100 DI:,1100-2100 DI:,1100-2100 DI:,,,4x10,40,DI,,,,,,,,,,,,FT,-,-,-,-,FTDI
,,102,1100-2100 DI:,1100-2100 DI:,X,X,X,1100-2100 DI:,1100-2100 DI:,,,4x10,40,DI,,,,,,,,,,,,FT,-,-,-,-,FTDI
,,103,1100-2100 DI:,1100-2100 DI:,1100-2100 DI:,X,X,X,1100-2100 DI:,,,4x10,40,DI,,,,,,,,,,,,FT,-,-,-,-,FTDI
,,104,1100-2100 DI:,1100-2100 DI:,1100-2100 DI:,1100-2100 DI:,X,X,X,,,4x10,40,DI,,,,,,,,,,,,FT,-,-,-,-,FTDI
,,105,X,1100-2100 DI:,1100-2100 DI:,1100-2100 DI:,1100-2100 DI:,X,X,,,4x10,40,DI,,,,,,,,,,,,FT,-,-,-,-,FTDI
,,106,X,X,1100-2100 DI:,1100-2100 DI:,1100-2100 DI:,1100-2100 DI:,X,,,4x10,40,DI,,,,,,,,,,,,FT,-,-,-,-,FTDI
,,107,X,X,1130-1930 DI:,1130-1930 DI:,1130-1930 DI:,1130-1930 DI:,1130-1930 DI:,,,5x8,40,DI,,,,,,,,,,,,FT,-,-,-,-,FTDI
,,108,1130-1930 DI:,X,X,1130-1930 DI:,1130-1930 DI:,1130-1930 DI:,1130-1930 DI:,,,5x8,40,DI,,,,,,,,,,,,FT,-,-,-,-,FTDI
,,109,1130-1930 DI:,X,X,1130-1930 DI:,1130-1930 DI:,1130-1930 DI:,1130-1930 DI:,,,5x8,40,DI,,,,,,,,,,,,FT,-,-,-,-,FTDI
,,110,1130-1930 DI:,1130-1930 DI:,1130-1930 DI:,1130-1930 DI:,X,X,1130-1930 DI:,,,5x8,40,DI,,,,,,,,,,,,FT,-,-,-,-,FTDI
,,111,1130-1930 DI:,1130-1930 DI:,1130-1930 DI:,1130-1930 DI:,X,X,1130-1930 DI:,,,5x8,40,DI,,,,,,,,,,,,FT,-,-,-,-,FTDI
,,112,1130-1930 DI:,1130-1930 DI:,1130-1930 DI:,1130-1930 DI:,1130-1930 DI:,X,X,,,5x8,40,DI,,,,,,,,,,,,FT,-,-,-,-,FTDI
,,113,X,1130-1930 DI:,1130-1930 DI:,1130-1930 DI:,1130-1930 DI:,1130-1930 DI:,X,,,5x8,40,DI,,,,,,,,,,,,FT,-,-,-,-,FTDI
,,114,X,X,1145-1945 DI:,1145-1945 DI:,1145-1945 DI:,1145-1945 DI:,1145-1945 DI:,,,5x8,40,DI,,,,,,,,,,,,FT,-,-,-,-,FTDI
,,115,1145-1945 DI:,X,X,1145-1945 DI:,1145-1945 DI:,1145-1945 DI:,1145-1945 DI:,,,5x8,40,DI,,,,,,,,,,,,FT,-,-,-,-,FTDI
,,116,1145-1945 DI:,X,X,1145-1945 DI:,1145-1945 DI:,1145-1945 DI:,1145-1945 DI:,,,5x8,40,DI,,,,,,,,,,,,FT,-,-,-,-,FTDI
,,117,1145-1945 DI:,1145-1945 DI:,1145-1945 DI:,1145-1945 DI:,X,X,1145-1945 DI:,,,5x8,40,DI,,,,,,,,,,,,FT,-,-,-,-,FTDI
,,118,1145-1945 DI:,1145-1945 DI:,1145-1945 DI:,1145-1945 DI:,X,X,1145-1945 DI:,,,5x8,40,DI,,,,,,,,,,,,FT,-,-,-,-,FTDI
,,119,1145-1945 DI:,1145-1945 DI:,1145-1945 DI:,1145-1945 DI:,1145-1945 DI:,X,X,,,5x8,40,DI,,,,,,,,,,,,FT,-,-,-,-,FTDI
,,120,X,1145-1945 DI:,1145-1945 DI:,1145-1945 DI:,1145-1945 DI:,1145-1945 DI:,X,,,5x8,40,DI,,,,,,,,,,,,FT,-,-,-,-,FTDI
,,121,X,X,1200-2000 DI:,1200-2000 DI:,1200-2000 DI:,1200-2000 DI:,1200-2000 DI:,,,5x8,40,DI,,,,,,,,,,,,FT,-,-,-,-,FTDI
,,122,1200-2000 DI:,X,X,1200-2000 DI:,1200-2000 DI:,1200-2000 DI:,1200-2000 DI:,,,5x8,40,DI,,,,,,,,,,,,FT,-,-,-,-,FTDI
,,123,1200-2000 DI:,X,X,1200-2000 DI:,1200-2000 DI:,1200-2000 DI:,1200-2000 DI:,,,5x8,40,DI,,,,,,,,,,,,FT,-,-,-,-,FTDI
,,124,1200-2000 DI:,1200-2000 DI:,1200-2000 DI:,1200-2000 DI:,X,X,1200-2000 DI:,,,5x8,40,DI,,,,,,,,,,,,FT,-,-,-,-,FTDI
,,125,1200-2000 DI:,1200-2000 DI:,1200-2000 DI:,1200-2000 DI:,X,X,1200-2000 DI:,,,5x8,40,DI,,,,,,,,,,,,FT,-,-,-,-,FTDI
,,126,1200-2000 DI:,1200-2000 DI:,1200-2000 DI:,1200-2000 DI:,1200-2000 DI:,X,X,,,5x8,40,DI,,,,,,,,,,,,FT,-,-,-,-,FTDI
,,127,X,1200-2000 DI:,1200-2000 DI:,1200-2000 DI:,1200-2000 DI:,1200-2000 DI:,X,,,5x8,40,DI,,,,,,,,,,,,FT,-,-,-,-,FTDI
,,128,X,X,1200-2000 ITI:,1200-2000 ITI:,1200-2000 ITI:,1200-2000 ITI:,1200-2000 ITI:,,FEMALE,5x8,40,DI,,,,,,,,,,,,FT,-,-,-,-,FTFEMALEDI
,,129,1200-2000 ITI:,1200-2000 ITI:,X,X,1200-2000 ITI:,1200-2000 ITI:,1200-2000 ITI:,,FEMALE,5x8,40,DI,,,,,,,,,,,,FT,-,-,-,-,FTFEMALEDI
,,130,1200-2000 ITI:,1200-2000 ITI:,1200-2000 ITI:,X,X,1200-2000 ITI:,1200-2000 ITI:,,MALE,5x8,40,DI,,,,,,,,,,,,FT,-,-,-,-,FTMALEDI
,,131,1200-2000 ITI:,1200-2000 ITI:,1200-2000 ITI:,1200-2000 ITI:,X,X,1200-2000 ITI:,,FEMALE,5x8,40,DI,,,,,,,,,,,,FT,-,-,-,-,FTFEMALEDI
,,132,1200-2000 ITI:,X,X,1200-2000 ITI:,1200-2000 ITI:,1200-2000 ITI:,1200-2000 ITI:,,MALE,5x8,40,DI,,,,,,,,,,,,FT,-,-,-,-,FTMALEDI
,,133,X,1200-2000 ITI:,1200-2000 ITI:,1200-2000 ITI:,1200-2000 ITI:,1200-2000 ITI:,X,,MIX,5x8,40,DI,,,,,,,,,,,,FT,-,-,-,-,FTMIXDI
,,134,1200-2000 ITI:,1200-2000 ITI:,1200-2000 ITI:,1200-2000 ITI:,1200-2000 ITI:,X,X,,MALE,5x8,40,DI,,,,,,,,,,,,FT,-,-,-,-,FTMALEDI
,,135,X,X,1230-2030 DI:,1230-2030 DI:,1230-2030 DI:,1230-2030 DI:,1230-2030 DI:,,,5x8,40,DI,,,,,,,,,,,,FT,-,-,-,-,FTDI
,,136,1230-2030 DI:,X,X,1230-2030 DI:,1230-2030 DI:,1230-2030 DI:,1230-2030 DI:,,,5x8,40,DI,,,,,,,,,,,,FT,-,-,-,-,FTDI
,,137,1230-2030 DI:,1230-2030 DI:,X,X,1230-2030 DI:,1230-2030 DI:,1230-2030 DI:,,,5x8,40,DI,,,,,,,,,,,,FT,-,-,-,-,FTDI
,,138,1230-2030 DI:,1230-2030 DI:,1230-2030 DI:,X,X,1230-2030 DI:,1230-2030 DI:,,,5x8,40,DI,,,,,,,,,,,,FT,-,-,-,-,FTDI
,,139,1230-2030 DI:,1230-2030 DI:,1230-2030 DI:,1230-2030 DI:,X,X,1230-2030 DI:,,,5x8,40,DI,,,,,,,,,,,,FT,-,-,-,-,FTDI
,,140,1230-2030 DI:,1230-2030 DI:,1230-2030 DI:,1230-2030 DI:,1230-2030 DI:,X,X,,,5x8,40,DI,,,,,,,,,,,,FT,-,-,-,-,FTDI
,,141,X,1230-2030 DI:,1230-2030 DI:,1230-2030 DI:,1230-2030 DI:,1230-2030 DI:,X,,,5x8,40,DI,,,,,,,,,,,,FT,-,-,-,-,FTDI
,,142,X,X,1315-2115 DI:,1315-2115 DI:,1315-2115 DI:,1315-2115 DI:,1315-2115 DI:,,,5x8,40,DI,,,,,,,,,,,,FT,-,-,-,-,FTDI
,,143,1315-2115 DI:,X,X,1315-2115 DI:,1315-2115 DI:,1315-2115 DI:,1315-2115 DI:,,,5x8,40,DI,,,,,,,,,,,,FT,-,-,-,-,FTDI
,,144,1315-2115 DI:,1315-2115 DI:,X,X,1315-2115 DI:,1315-2115 DI:,1315-2115 DI:,,,5x8,40,DI,,,,,,,,,,,,FT,-,-,-,-,FTDI
,,145,1315-2115 DI:,1315-2115 DI:,1315-2115 DI:,X,X,1315-2115 DI:,1315-2115 DI:,,,5x8,40,DI,,,,,,,,,,,,FT,-,-,-,-,FTDI
,,146,1315-2115 DI:,1315-2115 DI:,1315-2115 DI:,1315-2115 DI:,X,X,1315-2115 DI:,,,5x8,40,DI,,,,,,,,,,,,FT,-,-,-,-,FTDI
,,147,1315-2115 DI:,1315-2115 DI:,1315-2115 DI:,1315-2115 DI:,1315-2115 DI:,X,X,,,5x8,40,DI,,,,,,,,,,,,FT,-,-,-,-,FTDI
,,148,X,1315-2115 DI:,1315-2115 DI:,1315-2115 DI:,1315-2115 DI:,1315-2115 DI:,X,,,5x8,40,DI,,,,,,,,,,,,FT,-,-,-,-,FTDI
,,149,X,X,X,1330-2330 DI:,1330-2330 DI:,1330-2330 DI:,1330-2330 DI:,,,4x10,40,DI,,,,,,,,,,,,FT,-,-,-,-,FTDI
,,150,1330-2330 DI:,X,X,X,1330-2330 DI:,1330-2330 DI:,1330-2330 DI:,,,4x10,40,DI,,,,,,,,,,,,FT,-,-,-,-,FTDI
,,151,1330-2330 DI:,1330-2330 DI:,X,X,X,1330-2330 DI:,1330-2330 DI:,,,4x10,40,DI,,,,,,,,,,,,FT,-,-,-,-,FTDI
,,152,1330-2330 DI:,1330-2330 DI:,1330-2330 DI:,X,X,X,1330-2330 DI:,,,4x10,40,DI,,,,,,,,,,,,FT,-,-,-,-,FTDI
,,153,1330-2330 DI:,1330-2330 DI:,1330-2330 DI:,1330-2330 DI:,X,X,X,,,4x10,40,DI,,,,,,,,,,,,FT,-,-,-,-,FTDI
,,154,X,1330-2330 DI:,1330-2330 DI:,1330-2330 DI:,1330-2330 DI:,X,X,,,4x10,40,DI,,,,,,,,,,,,FT,-,-,-,-,FTDI
,,155,X,X,1330-2330 DI:,1330-2330 DI:,1330-2330 DI:,1330-2330 DI:,X,,,4x10,40,DI,,,,,,,,,,,,FT,-,-,-,-,FTDI
,,156,X,X,X,1345-2345 DI:,1345-2345 DI:,1345-2345 DI:,1345-2345 DI:,,,4x10,40,DI,,,,,,,,,,,,FT,-,-,-,-,FTDI
,,157,1345-2345 DI:,X,X,X,1345-2345 DI:,1345-2345 DI:,1345-2345 DI:,,,4x10,40,DI,,,,,,,,,,,,FT,-,-,-,-,FTDI
,,158,1345-2345 DI:,1345-2345 DI:,X,X,X,1345-2345 DI:,1345-2345 DI:,,,4x10,40,DI,,,,,,,,,,,,FT,-,-,-,-,FTDI
,,159,1345-2345 DI:,1345-2345 DI:,1345-2345 DI:,X,X,X,1345-2345 DI:,,,4x10,40,DI,,,,,,,,,,,,FT,-,-,-,-,FTDI
,,160,1345-2345 DI:,1345-2345 DI:,1345-2345 DI:,1345-2345 DI:,X,X,X,,,4x10,40,DI,,,,,,,,,,,,FT,-,-,-,-,FTDI
,,161,X,1345-2345 DI:,1345-2345 DI:,1345-2345 DI:,1345-2345 DI:,X,X,,,4x10,40,DI,,,,,,,,,,,,FT,-,-,-,-,FTDI
,,162,X,X,1345-2345 DI:,1345-2345 DI:,1345-2345 DI:,1345-2345 DI:,X,,,4x10,40,DI,,,,,,,,,,,,FT,-,-,-,-,FTDI
,,163,X,X,1400-2200 ITD:,1400-2200 ITD:,1400-2200 ITD:,1400-2200 ITD:,1400-2200 ITD:,,MIX,5x8,40,DI,,,,,,,,,,,,FT,-,-,-,-,FTMIXDI
,,164,1400-2200 ITD:,1400-2200 ITD:,X,X,1400-2200 ITD:,1400-2200 ITD:,1400-2200 ITD:,,FEMALE,5x8,40,DI,,,,,,,,,,,,FT,-,-,-,-,FTFEMALEDI
,,165,1400-2200 ITD:,1400-2200 ITD:,1400-2200 ITD:,X,X,1400-2200 ITD:,1400-2200 ITD:,,MALE,5x8,40,DI,,,,,,,,,,,,FT,-,-,-,-,FTMALEDI
,,166,1400-2200 ITD:,1400-2200 ITD:,1400-2200 ITD:,1400-2200 ITD:,X,X,1400-2200 ITD:,,FEMALE,5x8,40,DI,,,,,,,,,,,,FT,-,-,-,-,FTFEMALEDI
,,167,1400-2200 ITD:,X,X,1400-2200 ITD:,1400-2200 ITD:,1400-2200 ITD:,1400-2200 ITD:,,MALE,5x8,40,DI,,,,,,,,,,,,FT,-,-,-,-,FTMALEDI
,,168,X,1400-2200 ITD:,1400-2200 ITD:,1400-2200 ITD:,1400-2200 ITD:,1400-2200 ITD:,X,,FEMALE,5x8,40,DI,,,,,,,,,,,,FT,-,-,-,-,FTFEMALEDI
,,169,1400-2200 ITD:,1400-2200 ITD:,1400-2200 ITD:,1400-2200 ITD:,1400-2200 ITD:,X,X,,MALE,5x8,40,DI,,,,,,,,,,,,FT,-,-,-,-,FTMALEDI
,,170,X,X,1430-2230 DI:,1430-2230 DI:,1430-2230 DI:,1430-2230 DI:,1430-2230 DI:,,,5x8,40,DI,,,,,,,,,,,,FT,-,-,-,-,FTDI
,,171,1430-2230 DI:,X,X,1430-2230 DI:,1430-2230 DI:,1430-2230 DI:,1430-2230 DI:,,,5x8,40,DI,,,,,,,,,,,,FT,-,-,-,-,FTDI
,,172,1430-2230 DI:,1430-2230 DI:,X,X,1430-2230 DI:,1430-2230 DI:,1430-2230 DI:,,,5x8,40,DI,,,,,,,,,,,,FT,-,-,-,-,FTDI
,,173,1430-2230 DI:,1430-2230 DI:,1430-2230 DI:,X,X,1430-2230 DI:,1430-2230 DI:,,,5x8,40,DI,,,,,,,,,,,,FT,-,-,-,-,FTDI
,,174,1430-2230 DI:,1430-2230 DI:,1430-2230 DI:,1430-2230 DI:,X,X,1430-2230 DI:,,,5x8,40,DI,,,,,,,,,,,,FT,-,-,-,-,FTDI
,,175,1430-2230 DI:,1430-2230 DI:,1430-2230 DI:,1430-2230 DI:,1430-2230 DI:,X,X,,,5x8,40,DI,,,,,,,,,,,,FT,-,-,-,-,FTDI
,,176,X,1430-2230 DI:,1430-2230 DI:,1430-2230 DI:,1430-2230 DI:,1430-2230 DI:,X,,,5x8,40,DI,,,,,,,,,,,,FT,-,-,-,-,FTDI
,,177,0300-0900 DI:,X,X,X,0300-0900 DI:,0300-0900 DI:,0300-0900 DI:,,,4x6,24,DI,,,,,,,,,,,,PT,-,-,-,-,PTDI
,,178,0300-0900 DI:,X,X,X,0300-0900 DI:,0300-0900 DI:,0300-0900 DI:,,,4x6,24,DI,,,,,,,,,,,,PT,-,-,-,-,PTDI
,,179,0300-0900 DI:,0300-0900 DI:,X,X,X,0300-0900 DI:,0300-0900 DI:,,,4x6,24,DI,,,,,,,,,,,,PT,-,-,-,-,PTDI
,,180,0300-0900 DI:,0300-0900 DI:,X,X,X,0300-0900 DI:,0300-0900 DI:,,,4x6,24,DI,,,,,,,,,,,,PT,-,-,-,-,PTDI
,,181,0300-0900 DI:,0300-0900 DI:,X,X,X,0300-0900 DI:,0300-0900 DI:,,,4x6,24,DI,,,,,,,,,,,,PT,-,-,-,-,PTDI
,,182,0300-0900 DI:,0300-0900 DI:,X,X,X,0300-0900 DI:,0300-0900 DI:,,,4x6,24,DI,,,,,,,,,,,,PT,-,-,-,-,PTDI
,,183,0300-0900 DI:,0300-0900 DI:,0300-0900 DI:,X,X,X,0300-0900 DI:,,,4x6,24,DI,,,,,,,,,,,,PT,-,-,-,-,PTDI
,,184,0300-0900 DI:,0300-0900 DI:,0300-0900 DI:,0300-0900 DI:,X,X,X,,,4x6,24,DI,,,,,,,,,,,,PT,-,-,-,-,PTDI
,,185,0330-0930 DI:,X,X,X,0330-0930 DI:,0330-0930 DI:,0330-0930 DI:,,,4x6,24,DI,,,,,,,,,,,,PT,-,-,-,-,PTDI
,,186,0330-0930 DI:,X,X,X,0330-0930 DI:,0330-0930 DI:,0330-0930 DI:,,,4x6,24,DI,,,,,,,,,,,,PT,-,-,-,-,PTDI
,,187,0330-0930 DI:,0330-0930 DI:,X,X,X,0330-0930 DI:,0330-0930 DI:,,,4x6,24,DI,,,,,,,,,,,,PT,-,-,-,-,PTDI
,,188,0330-0930 DI:,0330-0930 DI:,X,X,X,0330-0930 DI:,0330-0930 DI:,,,4x6,24,DI,,,,,,,,,,,,PT,-,-,-,-,PTDI
,,189,0330-0930 DI:,0330-0930 DI:,X,X,X,0330-0930 DI:,0330-0930 DI:,,,4x6,24,DI,,,,,,,,,,,,PT,-,-,-,-,PTDI
,,190,0330-0930 DI:,0330-0930 DI:,X,X,X,0330-0930 DI:,0330-0930 DI:,,,4x6,24,DI,,,,,,,,,,,,PT,-,-,-,-,PTDI
,,191,0330-0930 DI:,0330-0930 DI:,0330-0930 DI:,X,X,X,0330-0930 DI:,,,4x6,24,DI,,,,,,,,,,,,PT,-,-,-,-,PTDI
,,192,0330-0930 DI:,0330-0930 DI:,0330-0930 DI:,0330-0930 DI:,X,X,X,,,4x6,24,DI,,,,,,,,,,,,PT,-,-,-,-,PTDI
,,193,0345-0945 DI:,X,X,X,0345-0945 DI:,0345-0945 DI:,0345-0945 DI:,,,4x6,24,DI,,,,,,,,,,,,PT,-,-,-,-,PTDI
,,194,0345-0945 DI:,X,X,X,0345-0945 DI:,0345-0945 DI:,0345-0945 DI:,,,4x6,24,DI,,,,,,,,,,,,PT,-,-,-,-,PTDI
,,195,0345-0945 DI:,0345-0945 DI:,X,X,X,0345-0945 DI:,0345-0945 DI:,,,4x6,24,DI,,,,,,,,,,,,PT,-,-,-,-,PTDI
,,196,0345-0945 DI:,0345-0945 DI:,X,X,X,0345-0945 DI:,0345-0945 DI:,,,4x6,24,DI,,,,,,,,,,,,PT,-,-,-,-,PTDI
,,197,0345-0945 DI:,0345-0945 DI:,X,X,X,0345-0945 DI:,0345-0945 DI:,,,4x6,24,DI,,,,,,,,,,,,PT,-,-,-,-,PTDI
,,198,0345-0945 DI:,0345-0945 DI:,X,X,X,0345-0945 DI:,0345-0945 DI:,,,4x6,24,DI,,,,,,,,,,,,PT,-,-,-,-,PTDI
,,199,0345-0945 DI:,0345-0945 DI:,0345-0945 DI:,X,X,X,0345-0945 DI:,,,4x6,24,DI,,,,,,,,,,,,PT,-,-,-,-,PTDI
,,200,0345-0945 DI:,0345-0945 DI:,0345-0945 DI:,0345-0945 DI:,X,X,X,,,4x6,24,DI,,,,,,,,,,,,PT,-,-,-,-,PTDI
,,201,0400-0800 DI:,X,X,0400-1200 DI:,0400-0800 DI:,0400-0800 DI:,0400-0800 DI:,,,5x4,24,DI,,,,,,,,,,,,PT,-,-,-,-,PTDI
,,202,0400-0800 DI:,X,X,0400-1200 DI:,0400-0800 DI:,0400-0800 DI:,0400-0800 DI:,,,5x4,24,DI,,,,,,,,,,,,PT,-,-,-,-,PTDI
,,203,0400-1000 DI:,X,X,X,0400-1000 DI:,0400-1000 DI:,0400-1000 DI:,,,4x6,24,DI,,,,,,,,,,,,PT,-,-,-,-,PTDI
,,204,0400-1000 DI:,0400-1000 DI:,X,X,X,0400-1000 DI:,0400-1000 DI:,,,4x6,24,DI,,,,,,,,,,,,PT,-,-,-,-,PTDI
,,205,0400-1000 DI:,0400-1000 DI:,X,X,X,0400-1000 DI:,0400-1000 DI:,,,4x6,24,DI,,,,,,,,,,,,PT,-,-,-,-,PTDI
,,206,0400-1000 DI:,0400-1000 DI:,X,X,X,0400-1000 DI:,0400-1000 DI:,,,4x6,24,DI,,,,,,,,,,,,PT,-,-,-,-,PTDI
,,207,0400-0800 DI:,0400-0800 DI:,0400-0800 DI:,0400-1200 DI:,X,X,0400-0800 DI:,,,5x4,24,DI,,,,,,,,,,,,PT,-,-,-,-,PTDI
,,208,0400-0800 DI:,0400-0800 DI:,0400-0800 DI:,0400-1200 DI:,X,X,0400-0800 DI:,,,5x4,24,DI,,,,,,,,,,,,PT,-,-,-,-,PTDI
,,209,0400-1000 DI:,0400-1000 DI:,0400-1000 DI:,0400-1000 DI:,X,X,X,,,4x6,24,DI,,,,,,,,,,,,PT,-,-,-,-,PTDI
,,210,0400-1000 DI:,0400-1000 DI:,0400-1000 DI:,0400-1000 DI:,X,X,X,,,4x6,24,DI,,,,,,,,,,,,PT,-,-,-,-,PTDI
,,211,0400-1000 DI:,0400-1000 DI:,0400-1000 DI:,0400-1000 DI:,X,X,X,,,4x6,24,DI,,,,,,,,,,,,PT,-,-,-,-,PTDI
,,212,0415-1015 DI:,X,X,X,0415-1015 DI:,0415-1015 DI:,0415-1015 DI:,,,4x6,24,DI,,,,,,,,,,,,PT,-,-,-,-,PTDI
,,213,0415-1015 DI:,0415-1015 DI:,X,X,X,0415-1015 DI:,0415-1015 DI:,,,4x6,24,DI,,,,,,,,,,,,PT,-,-,-,-,PTDI
,,214,0415-1015 DI:,0415-1015 DI:,X,X,X,0415-1015 DI:,0415-1015 DI:,,,4x6,24,DI,,,,,,,,,,,,PT,-,-,-,-,PTDI
,,215,0415-1015 DI:,0415-1015 DI:,0415-1015 DI:,X,X,X,0415-1015 DI:,,,4x6,24,DI,,,,,,,,,,,,PT,-,-,-,-,PTDI
,,216,0415-1015 DI:,0415-1015 DI:,0415-1015 DI:,X,X,X,0415-1015 DI:,,,4x6,24,DI,,,,,,,,,,,,PT,-,-,-,-,PTDI
,,217,0415-1015 DI:,0415-1015 DI:,0415-1015 DI:,X,X,X,0415-1015 DI:,,,4x6,24,DI,,,,,,,,,,,,PT,-,-,-,-,PTDI
,,218,0415-1015 DI:,0415-1015 DI:,0415-1015 DI:,X,X,X,0415-1015 DI:,,,4x6,24,DI,,,,,,,,,,,,PT,-,-,-,-,PTDI
,,219,0430-0830 DI:,X,X,0430-1230 DI:,0430-0830 DI:,0430-0830 DI:,0430-0830 DI:,,,5x4,24,DI,,,,,,,,,,,,PT,-,-,-,-,PTDI
,,220,0430-0830 DI:,X,X,0430-1230 DI:,0430-0830 DI:,0430-0830 DI:,0430-0830 DI:,,,5x4,24,DI,,,,,,,,,,,,PT,-,-,-,-,PTDI
,,221,0430-0830 DI:,X,X,0430-1230 DI:,0430-0830 DI:,0430-0830 DI:,0430-0830 DI:,,,5x4,24,DI,,,,,,,,,,,,PT,-,-,-,-,PTDI
,,222,0430-1030 DI:,0430-1030 DI:,X,X,X,0430-1030 DI:,0430-1030 DI:,,,4x6,24,DI,,,,,,,,,,,,PT,-,-,-,-,PTDI
,,223,0430-1030 DI:,0430-1030 DI:,X,X,X,0430-1030 DI:,0430-1030 DI:,,,4x6,24,DI,,,,,,,,,,,,PT,-,-,-,-,PTDI
,,224,0430-1030 DI:,0430-1030 DI:,0430-1030 DI:,X,X,X,0430-1030 DI:,,,4x6,24,DI,,,,,,,,,,,,PT,-,-,-,-,PTDI
,,225,0430-1030 DI:,0430-1030 DI:,0430-1030 DI:,0430-1030 DI:,X,X,X,,,4x6,24,DI,,,,,,,,,,,,PT,-,-,-,-,PTDI
,,226,0430-1030 DI:,0430-1030 DI:,0430-1030 DI:,0430-1030 DI:,X,X,X,,,4x6,24,DI,,,,,,,,,,,,PT,-,-,-,-,PTDI
,,227,0500-1100 DI:,0500-1100 DI:,X,X,X,0500-1100 DI:,0500-1100 DI:,,,4x6,24,DI,,,,,,,,,,,,PT,-,-,-,-,PTDI
,,228,0500-1100 DI:,0500-1100 DI:,X,X,X,0500-1100 DI:,0500-1100 DI:,,,4x6,24,DI,,,,,,,,,,,,PT,-,-,-,-,PTDI
,,229,0500-1100 DI:,0500-1100 DI:,0500-1100 DI:,X,X,X,0500-1100 DI:,,,4x6,24,DI,,,,,,,,,,,,PT,-,-,-,-,PTDI
,,230,0500-1100 DI:,0500-1100 DI:,0500-1100 DI:,X,X,X,0500-1100 DI:,,,4x6,24,DI,,,,,,,,,,,,PT,-,-,-,-,PTDI
,,231,0500-1100 DI:,0500-1100 DI:,0500-1100 DI:,0500-1100 DI:,X,X,X,,,4x6,24,DI,,,,,,,,,,,,PT,-,-,-,-,PTDI
,,232,0445-1045 DI:,X,X,X,0445-1045 DI:,0445-1045 DI:,0445-1045 DI:,,,4x6,24,DI,,,,,,,,,,,,PT,-,-,-,-,PTDI
,,233,0445-1045 DI:,X,X,X,0445-1045 DI:,0445-1045 DI:,0445-1045 DI:,,,4x6,24,DI,,,,,,,,,,,,PT,-,-,-,-,PTDI
,,234,0445-1045 DI:,0445-1045 DI:,X,X,X,0445-1045 DI:,0445-1045 DI:,,,4x6,24,DI,,,,,,,,,,,,PT,-,-,-,-,PTDI
,,235,0445-1045 DI:,0445-1045 DI:,0445-1045 DI:,X,X,X,0445-1045 DI:,,,4x6,24,DI,,,,,,,,,,,,PT,-,-,-,-,PTDI
,,236,0445-1045 DI:,0445-1045 DI:,0445-1045 DI:,X,X,X,0445-1045 DI:,,,4x6,24,DI,,,,,,,,,,,,PT,-,-,-,-,PTDI
,,237,0345-1145 DI:,X,X,X,X,0345-1145 DI:,0345-1145 DI:,,,3x8,24,DI,,,,,,,,,,,,PT,-,-,-,-,PTDI
,,238,0345-1145 DI:,X,X,X,X,0345-1145 DI:,0345-1145 DI:,,,3x8,24,DI,,,,,,,,,,,,PT,-,-,-,-,PTDI
,,239,0345-1145 DI:,X,X,X,X,0345-1145 DI:,0345-1145 DI:,,,3x8,24,DI,,,,,,,,,,,,PT,-,-,-,-,PTDI
,,240,0445-1245 DI:,X,X,X,X,0445-1245 DI:,0445-1245 DI:,,,3x8,24,DI,,,,,,,,,,,,PT,-,-,-,-,PTDI
,,241,0445-1245 DI:,X,X,X,X,0445-1245 DI:,0445-1245 DI:,,,3x8,24,DI,,,,,,,,,,,,PT,-,-,-,-,PTDI
,,242,0445-1245 DI:,X,X,X,X,0445-1245 DI:,0445-1245 DI:,,,3x8,24,DI,,,,,,,,,,,,PT,-,-,-,-,PTDI
,,243,0445-1245 DI:,X,X,X,X,0445-1245 DI:,0445-1245 DI:,,,3x8,24,DI,,,,,,,,,,,,PT,-,-,-,-,PTDI
,,244,0445-1245 DI:,X,X,X,X,0445-1245 DI:,0445-1245 DI:,,,3x8,24,DI,,,,,,,,,,,,PT,-,-,-,-,PTDI
,,245,0445-1245 DI:,X,X,X,X,0445-1245 DI:,0445-1245 DI:,,,3x8,24,DI,,,,,,,,,,,,PT,-,-,-,-,PTDI
,,246,0500-1300 DI:,X,X,X,X,0500-1300 DI:,0500-1300 DI:,,,3x8,24,DI,,,,,,,,,,,,PT,-,-,-,-,PTDI
,,247,0500-1300 DI:,X,X,X,X,0500-1300 DI:,0500-1300 DI:,,,3x8,24,DI,,,,,,,,,,,,PT,-,-,-,-,PTDI
,,248,0500-1300 DI:,X,X,X,X,0500-1300 DI:,0500-1300 DI:,,,3x8,24,DI,,,,,,,,,,,,PT,-,-,-,-,PTDI
,,249,0500-1300 DI:,X,X,X,X,0500-1300 DI:,0500-1300 DI:,,,3x8,24,DI,,,,,,,,,,,,PT,-,-,-,-,PTDI
,,250,1200-2200 DI:,X,X,X,X,X,1200-2200 DI:,,,2x10,20,DI,,,,,,,,,,,,PT,-,-,-,-,PTDI
,,251,1200-2200 DI:,X,X,X,X,X,1200-2200 DI:,,,2x10,20,DI,,,,,,,,,,,,PT,-,-,-,-,PTDI
,,252,1200-2000 DI:,X,X,X,X,1200-2000 DI:,1200-2000 DI:,,,3x8,24,DI,,,,,,,,,,,,PT,-,-,-,-,PTDI
,,253,1200-2000 DI:,X,X,X,X,1200-2000 DI:,1200-2000 DI:,,,3x8,24,DI,,,,,,,,,,,,PT,-,-,-,-,PTDI
,,254,1230-2030 DI:,X,X,X,X,1230-2030 DI:,1230-2030 DI:,,,3x8,24,DI,,,,,,,,,,,,PT,-,-,-,-,PTDI
,,255,1230-2030 DI:,X,X,X,X,1230-2030 DI:,1230-2030 DI:,,,3x8,24,DI,,,,,,,,,,,,PT,-,-,-,-,PTDI
,,256,1230-2030 DI:,X,X,X,X,1230-2030 DI:,1230-2030 DI:,,,3x8,24,DI,,,,,,,,,,,,PT,-,-,-,-,PTDI
,,257,1230-2030 DI:,X,X,X,X,1230-2030 DI:,1230-2030 DI:,,,3x8,24,DI,,,,,,,,,,,,PT,-,-,-,-,PTDI
,,258,1230-2030 DI:,X,X,X,X,1230-2030 DI:,1230-2030 DI:,,,3x8,24,DI,,,,,,,,,,,,PT,-,-,-,-,PTDI
,,259,1330-1930 DI:,X,X,X,1330-1930 DI:,1330-1930 DI:,1330-1930 DI:,,,4x6,24,DI,,,,,,,,,,,,PT,-,-,-,-,PTDI
,,260,1330-1930 DI:,X,X,X,1330-1930 DI:,1330-1930 DI:,1330-1930 DI:,,,4x6,24,DI,,,,,,,,,,,,PT,-,-,-,-,PTDI
,,261,1330-1930 DI:,1330-1930 DI:,X,X,X,1330-1930 DI:,1330-1930 DI:,,,4x6,24,DI,,,,,,,,,,,,PT,-,-,-,-,PTDI
,,262,1330-1930 DI:,1330-1930 DI:,1330-1930 DI:,X,X,X,1330-1930 DI:,,,4x6,24,DI,,,,,,,,,,,,PT,-,-,-,-,PTDI
,,263,1330-1930 DI:,1330-1930 DI:,1330-1930 DI:,X,X,X,1330-1930 DI:,,,4x6,24,DI,,,,,,,,,,,,PT,-,-,-,-,PTDI
,,264,1345-1945 DI:,X,X,X,1345-1945 DI:,1345-1945 DI:,1345-1945 DI:,,,4x6,24,DI,,,,,,,,,,,,PT,-,-,-,-,PTDI
,,265,1345-1945 DI:,X,X,X,1345-1945 DI:,1345-1945 DI:,1345-1945 DI:,,,4x6,24,DI,,,,,,,,,,,,PT,-,-,-,-,PTDI
,,266,1345-1945 DI:,1345-1945 DI:,X,X,X,1345-1945 DI:,1345-1945 DI:,,,4x6,24,DI,,,,,,,,,,,,PT,-,-,-,-,PTDI
,,267,1345-1945 DI:,1345-1945 DI:,1345-1945 DI:,X,X,X,1345-1945 DI:,,,4x6,24,DI,,,,,,,,,,,,PT,-,-,-,-,PTDI
,,268,1345-1945 DI:,1345-1945 DI:,1345-1945 DI:,X,X,X,1345-1945 DI:,,,4x6,24,DI,,,,,,,,,,,,PT,-,-,-,-,PTDI
,,269,1400-2000 DI:,X,X,X,1400-2000 DI:,1400-2000 DI:,1400-2000 DI:,,,4x6,24,DI,,,,,,,,,,,,PT,-,-,-,-,PTDI
,,270,1400-2000 DI:,X,X,X,1400-2000 DI:,1400-2000 DI:,1400-2000 DI:,,,4x6,24,DI,,,,,,,,,,,,PT,-,-,-,-,PTDI
,,271,1400-2000 DI:,1400-2000 DI:,X,X,X,1400-2000 DI:,1400-2000 DI:,,,4x6,24,DI,,,,,,,,,,,,PT,-,-,-,-,PTDI
,,272,1400-2000 DI:,1400-2000 DI:,X,X,X,1400-2000 DI:,1400-2000 DI:,,,4x6,24,DI,,,,,,,,,,,,PT,-,-,-,-,PTDI
,,273,1400-2000 DI:,1400-2000 DI:,1400-2000 DI:,X,X,X,1400-2000 DI:,,,4x6,24,DI,,,,,,,,,,,,PT,-,-,-,-,PTDI
,,274,1400-2000 DI:,1400-2000 DI:,1400-2000 DI:,X,X,X,1400-2000 DI:,,,4x6,24,DI,,,,,,,,,,,,PT,-,-,-,-,PTDI
,,275,1400-2000 DI:,1400-2000 DI:,1400-2000 DI:,X,X,X,1400-2000 DI:,,,4x6,24,DI,,,,,,,,,,,,PT,-,-,-,-,PTDI
,,276,1415-1815 DI:,X,X,1415-2215 DI:,1415-1815 DI:,1415-1815 DI:,1415-1815 DI:,,,5x4,24,DI,,,,,,,,,,,,PT,-,-,-,-,PTDI
,,277,1415-1815 DI:,1415-1815 DI:,1415-1815 DI:,X,X,1415-2215 DI:,1415-1815 DI:,,,5x4,24,DI,,,,,,,,,,,,PT,-,-,-,-,PTDI
,,278,1415-1815 DI:,1415-1815 DI:,1415-1815 DI:,X,X,1415-2215 DI:,1415-1815 DI:,,,5x4,24,DI,,,,,,,,,,,,PT,-,-,-,-,PTDI
,,279,1415-1815 DI:,1415-1815 DI:,1415-1815 DI:,1415-1815 DI:,X,X,1415-2215 DI:,,,5x4,24,DI,,,,,,,,,,,,PT,-,-,-,-,PTDI
,,280,1415-1815 DI:,1415-1815 DI:,1415-1815 DI:,1415-1815 DI:,X,X,1415-2215 DI:,,,5x4,24,DI,,,,,,,,,,,,PT,-,-,-,-,PTDI
,,281,1415-1815 DI:,1415-1815 DI:,1415-1815 DI:,1415-1815 DI:,X,X,1415-2215 DI:,,,5x4,24,DI,,,,,,,,,,,,PT,-,-,-,-,PTDI
,,282,1415-1815 DI:,1415-1815 DI:,1415-1815 DI:,1415-1815 DI:,X,X,1415-2215 DI:,,,5x4,24,DI,,,,,,,,,,,,PT,-,-,-,-,PTDI
,,283,1415-2015 DI:,X,X,X,1415-2015 DI:,1415-2015 DI:,1415-2015 DI:,,,4x6,24,DI,,,,,,,,,,,,PT,-,-,-,-,PTDI
,,284,1415-2015 DI:,X,X,X,1415-2015 DI:,1415-2015 DI:,1415-2015 DI:,,,4x6,24,DI,,,,,,,,,,,,PT,-,-,-,-,PTDI
,,285,1415-2015 DI:,1415-2015 DI:,X,X,X,1415-2015 DI:,1415-2015 DI:,,,4x6,24,DI,,,,,,,,,,,,PT,-,-,-,-,PTDI
,,286,1415-2015 DI:,1415-2015 DI:,X,X,X,1415-2015 DI:,1415-2015 DI:,,,4x6,24,DI,,,,,,,,,,,,PT,-,-,-,-,PTDI
,,287,1415-2015 DI:,1415-2015 DI:,1415-2015 DI:,X,X,X,1415-2015 DI:,,,4x6,24,DI,,,,,,,,,,,,PT,-,-,-,-,PTDI
,,288,1415-2015 DI:,1415-2015 DI:,1415-2015 DI:,X,X,X,1415-2015 DI:,,,4x6,24,DI,,,,,,,,,,,,PT,-,-,-,-,PTDI
,,289,1430-2030 DI:,X,X,X,1430-2030 DI:,1430-2030 DI:,1430-2030 DI:,,,4x6,24,DI,,,,,,,,,,,,PT,-,-,-,-,PTDI
,,290,1430-2030 DI:,X,X,X,1430-2030 DI:,1430-2030 DI:,1430-2030 DI:,,,4x6,24,DI,,,,,,,,,,,,PT,-,-,-,-,PTDI
,,291,1430-2030 DI:,1430-2030 DI:,X,X,X,1430-2030 DI:,1430-2030 DI:,,,4x6,24,DI,,,,,,,,,,,,PT,-,-,-,-,PTDI
,,292,1430-2030 DI:,1430-2030 DI:,1430-2030 DI:,X,X,X,1430-2030 DI:,,,4x6,24,DI,,,,,,,,,,,,PT,-,-,-,-,PTDI
,,293,1430-2030 DI:,1430-2030 DI:,1430-2030 DI:,X,X,X,1430-2030 DI:,,,4x6,24,DI,,,,,,,,,,,,PT,-,-,-,-,PTDI
,,294,1430-2030 DI:,1430-2030 DI:,1430-2030 DI:,X,X,X,1430-2030 DI:,,,4x6,24,DI,,,,,,,,,,,,PT,-,-,-,-,PTDI
,,295,1445-2045 DI:,X,X,X,1445-2045 DI:,1445-2045 DI:,1445-2045 DI:,,,4x6,24,DI,,,,,,,,,,,,PT,-,-,-,-,PTDI
,,296,1445-2045 DI:,X,X,X,1445-2045 DI:,1445-2045 DI:,1445-2045 DI:,,,4x6,24,DI,,,,,,,,,,,,PT,-,-,-,-,PTDI
,,297,1445-2045 DI:,1445-2045 DI:,X,X,X,1445-2045 DI:,1445-2045 DI:,,,4x6,24,DI,,,,,,,,,,,,PT,-,-,-,-,PTDI
,,298,1445-2045 DI:,1445-2045 DI:,X,X,X,1445-2045 DI:,1445-2045 DI:,,,4x6,24,DI,,,,,,,,,,,,PT,-,-,-,-,PTDI
,,299,1445-2045 DI:,1445-2045 DI:,1445-2045 DI:,X,X,X,1445-2045 DI:,,,4x6,24,DI,,,,,,,,,,,,PT,-,-,-,-,PTDI
,,300,1500-2100 DI:,X,X,X,1500-2100 DI:,1500-2100 DI:,1500-2100 DI:,,,4x6,24,DI,,,,,,,,,,,,PT,-,-,-,-,PTDI
,,301,1500-2100 DI:,X,X,X,1500-2100 DI:,1500-2100 DI:,1500-2100 DI:,,,4x6,24,DI,,,,,,,,,,,,PT,-,-,-,-,PTDI
,,302,1500-2100 DI:,X,X,X,1500-2100 DI:,1500-2100 DI:,1500-2100 DI:,,,4x6,24,DI,,,,,,,,,,,,PT,-,-,-,-,PTDI
,,303,1500-2100 DI:,X,X,X,1500-2100 DI:,1500-2100 DI:,1500-2100 DI:,,,4x6,24,DI,,,,,,,,,,,,PT,-,-,-,-,PTDI
,,304,1500-2100 DI:,1500-2100 DI:,X,X,X,1500-2100 DI:,1500-2100 DI:,,,4x6,24,DI,,,,,,,,,,,,PT,-,-,-,-,PTDI
,,305,1500-2100 DI:,1500-2100 DI:,X,X,X,1500-2100 DI:,1500-2100 DI:,,,4x6,24,DI,,,,,,,,,,,,PT,-,-,-,-,PTDI
,,306,1500-2100 DI:,1500-2100 DI:,1500-2100 DI:,X,X,X,1500-2100 DI:,,,4x6,24,DI,,,,,,,,,,,,PT,-,-,-,-,PTDI
,,307,1500-2100 DI:,1500-2100 DI:,1500-2100 DI:,X,X,X,1500-2100 DI:,,,4x6,24,DI,,,,,,,,,,,,PT,-,-,-,-,PTDI
,,308,1500-2100 DI:,1500-2100 DI:,1500-2100 DI:,1500-2100 DI:,X,X,X,,,4x6,24,DI,,,,,,,,,,,,PT,-,-,-,-,PTDI
,,309,X,X,0300-1100 TB:,0300-1100 TB:,0300-1100 TB:,0300-1100 TB:,0300-1100 TB:,,,5x8,40,TB,,,,,,,,,,,,FT,-,-,-,-,FTTB
,,310,0300-1100 TB:,0300-1100 TB:,X,X,0300-1100 TB:,0300-1100 TB:,0300-1100 TB:,,,5x8,40,TB,,,,,,,,,,,,FT,-,-,-,-,FTTB
,,311,0300-1100 TB:,0300-1100 TB:,0300-1100 TB:,X,X,0300-1100 TB:,0300-1100 TB:,,,5x8,40,TB,,,,,,,,,,,,FT,-,-,-,-,FTTB
,,312,0300-1100 TB:,0300-1100 TB:,0300-1100 TB:,0300-1100 TB:,0300-1100 TB:,X,X,,,5x8,40,TB,,,,,,,,,,,,FT,-,-,-,-,FTTB
,,313,0300-1100 TB:,0300-1100 TB:,0300-1100 TB:,0300-1100 TB:,X,X,0300-1100 TB:,,,5x8,40,TB,,,,,,,,,,,,FT,-,-,-,-,FTTB
,,314,X,0300-1100 TB:,0300-1100 TB:,0300-1100 TB:,0300-1100 TB:,0300-1100 TB:,X,,,5x8,40,TB,,,,,,,,,,,,FT,-,-,-,-,FTTB
,,315,0300-1300 TB:,X,X,X,0300-1300 TB:,0300-1300 TB:,0300-1300 TB:,,,4x10,40,TB,,,,,,,,,,,,FT,-,-,-,-,FTTB
,,316,X,0300-1300 TB:,0300-1300 TB:,0300-1300 TB:,0300-1300 TB:,X,X,,,4x10,40,TB,,,,,,,,,,,,FT,-,-,-,-,FTTB
,,317,X,X,0300-1300 TB:,0300-1300 TB:,0300-1300 TB:,0300-1300 TB:,X,,,4x10,40,TB,,,,,,,,,,,,FT,-,-,-,-,FTTB
,,318,X,X,0400-1200 TB:,0400-1200 TB:,0400-1200 TB:,0400-1200 TB:,0400-1200 TB:,,,5x8,40,TB,,,,,,,,,,,,FT,-,-,-,-,FTTB
,,319,0400-1200 TB:,X,X,0400-1200 TB:,0400-1200 TB:,0400-1200 TB:,0400-1200 TB:,,,5x8,40,TB,,,,,,,,,,,,FT,-,-,-,-,FTTB
,,320,0400-1200 TB:,0400-1200 TB:,X,X,0400-1200 TB:,0400-1200 TB:,0400-1200 TB:,,,5x8,40,TB,,,,,,,,,,,,FT,-,-,-,-,FTTB
,,321,0400-1200 TB:,0400-1200 TB:,0400-1200 TB:,X,X,0400-1200 TB:,0400-1200 TB:,,,5x8,40,TB,,,,,,,,,,,,FT,-,-,-,-,FTTB
,,322,0400-1200 TB:,0400-1200 TB:,0400-1200 TB:,0400-1200 TB:,X,X,0400-1200 TB:,,,5x8,40,TB,,,,,,,,,,,,FT,-,-,-,-,FTTB
,,323,0400-1200 TB:,0400-1200 TB:,0400-1200 TB:,0400-1200 TB:,0400-1200 TB:,X,X,,,5x8,40,TB,,,,,,,,,,,,FT,-,-,-,-,FTTB
,,324,X,0400-1200 TB:,0400-1200 TB:,0400-1200 TB:,0400-1200 TB:,0400-1200 TB:,X,,,5x8,40,TB,,,,,,,,,,,,FT,-,-,-,-,FTTB
,,325,0400-1200 TB:,X,X,0400-1200 TB:,0400-1200 TB:,0400-1200 TB:,0400-1200 TB:,,,5x8,40,TB,,,,,,,,,,,,FT,-,-,-,-,FTTB
,,326,0400-1200 TB:,0400-1200 TB:,0400-1200 TB:,X,X,0400-1200 TB:,0400-1200 TB:,,,5x8,40,TB,,,,,,,,,,,,FT,-,-,-,-,FTTB
,,327,0400-1200 TB:,0400-1200 TB:,0400-1200 TB:,0400-1200 TB:,0400-1200 TB:,X,X,,,5x8,40,TB,,,,,,,,,,,,FT,-,-,-,-,FTTB
,,328,X,X,0430-1230 TB:,0430-1230 TB:,0430-1230 TB:,0430-1230 TB:,0430-1230 TB:,,,5x8,40,TB,,,,,,,,,,,,FT,-,-,-,-,FTTB
,,329,0415-1215 TB:,X,X,0415-1215 TB:,0415-1215 TB:,0415-1215 TB:,0415-1215 TB:,,,5x8,40,TB,,,,,,,,,,,,FT,-,-,-,-,FTTB
,,330,0415-1215 TB:,0415-1215 TB:,X,X,0415-1215 TB:,0415-1215 TB:,0415-1215 TB:,,,5x8,40,TB,,,,,,,,,,,,FT,-,-,-,-,FTTB
,,331,0415-1215 TB:,0415-1215 TB:,0415-1215 TB:,X,X,0415-1215 TB:,0415-1215 TB:,,,5x8,40,TB,,,,,,,,,,,,FT,-,-,-,-,FTTB
,,332,0415-1215 TB:,0415-1215 TB:,0415-1215 TB:,0415-1215 TB:,X,X,0415-1215 TB:,,,5x8,40,TB,,,,,,,,,,,,FT,-,-,-,-,FTTB
,,333,0415-1215 TB:,0415-1215 TB:,0415-1215 TB:,0415-1215 TB:,0415-1215 TB:,X,X,,,5x8,40,TB,,,,,,,,,,,,FT,-,-,-,-,FTTB
,,334,0430-1230 TB:,0430-1230 TB:,0430-1230 TB:,0430-1230 TB:,X,X,0430-1230 TB:,,,5x8,40,TB,,,,,,,,,,,,FT,-,-,-,-,FTTB
,,335,X,X,0500-1300 TB:,0500-1300 TB:,0500-1300 TB:,0500-1300 TB:,0500-1300 TB:,,,5x8,40,TB,,,,,,,,,,,,FT,-,-,-,-,FTTB
,,336,0500-1300 TB:,X,X,0500-1300 TB:,0500-1300 TB:,0500-1300 TB:,0500-1300 TB:,,,5x8,40,TB,,,,,,,,,,,,FT,-,-,-,-,FTTB
,,337,X,0500-1300 TB:,0500-1300 TB:,0500-1300 TB:,0500-1300 TB:,0500-1300 TB:,X,,,5x8,40,TB,,,,,,,,,,,,FT,-,-,-,-,FTTB
,,338,0500-1300 TB:,0500-1300 TB:,0500-1300 TB:,X,X,0500-1300 TB:,0500-1300 TB:,,,5x8,40,TB,,,,,,,,,,,,FT,-,-,-,-,FTTB
,,339,0500-1300 TB:,0500-1300 TB:,0500-1300 TB:,0500-1300 TB:,0500-1300 TB:,X,X,,,5x8,40,TB,,,,,,,,,,,,FT,-,-,-,-,FTTB
,,340,X,X,0415-1215 TB:,0415-1215 TB:,0415-1215 TB:,0415-1215 TB:,0415-1215 TB:,,,5x8,40,TB,,,,,,,,,,,,FT,-,-,-,-,FTTB
,,341,0415-1215 TB:,X,X,0415-1215 TB:,0415-1215 TB:,0415-1215 TB:,0415-1215 TB:,,,5x8,40,TB,,,,,,,,,,,,FT,-,-,-,-,FTTB
,,342,0415-1215 TB:,0415-1215 TB:,X,X,0415-1215 TB:,0415-1215 TB:,0415-1215 TB:,,,5x8,40,TB,,,,,,,,,,,,FT,-,-,-,-,FTTB
,,343,0415-1215 TB:,0415-1215 TB:,0415-1215 TB:,X,X,0415-1215 TB:,0415-1215 TB:,,,5x8,40,TB,,,,,,,,,,,,FT,-,-,-,-,FTTB
,,344,0415-1215 TB:,0415-1215 TB:,0415-1215 TB:,0415-1215 TB:,X,X,0415-1215 TB:,,,5x8,40,TB,,,,,,,,,,,,FT,-,-,-,-,FTTB
,,345,0415-1215 TB:,0415-1215 TB:,0415-1215 TB:,0415-1215 TB:,0415-1215 TB:,X,X,,,5x8,40,TB,,,,,,,,,,,,FT,-,-,-,-,FTTB
,,346,X,0415-1215 TB:,0415-1215 TB:,0415-1215 TB:,0415-1215 TB:,0415-1215 TB:,X,,,5x8,40,TB,,,,,,,,,,,,FT,-,-,-,-,FTTB
,,347,X,X,0415-1215 TB:,0415-1215 TB:,0415-1215 TB:,0415-1215 TB:,0415-1215 TB:,,,5x8,40,TB,,,,,,,,,,,,FT,-,-,-,-,FTTB
,,348,0415-1215 TB:,X,X,0415-1215 TB:,0415-1215 TB:,0415-1215 TB:,0415-1215 TB:,,,5x8,40,TB,,,,,,,,,,,,FT,-,-,-,-,FTTB
,,349,0415-1215 TB:,0415-1215 TB:,X,X,0415-1215 TB:,0415-1215 TB:,0415-1215 TB:,,,5x8,40,TB,,,,,,,,,,,,FT,-,-,-,-,FTTB
,,350,0415-1215 TB:,0415-1215 TB:,0415-1215 TB:,X,X,0415-1215 TB:,0415-1215 TB:,,,5x8,40,TB,,,,,,,,,,,,FT,-,-,-,-,FTTB
,,351,0415-1215 TB:,0415-1215 TB:,0415-1215 TB:,0415-1215 TB:,X,X,0415-1215 TB:,,,5x8,40,TB,,,,,,,,,,,,FT,-,-,-,-,FTTB
,,352,0415-1215 TB:,0415-1215 TB:,0415-1215 TB:,0415-1215 TB:,0415-1215 TB:,X,X,,,5x8,40,TB,,,,,,,,,,,,FT,-,-,-,-,FTTB
,,353,X,0415-1215 TB:,0415-1215 TB:,0415-1215 TB:,0415-1215 TB:,0415-1215 TB:,X,,,5x8,40,TB,,,,,,,,,,,,FT,-,-,-,-,FTTB
,,354,X,X,0430-1230 TB:,0430-1230 TB:,0430-1230 TB:,0430-1230 TB:,0430-1230 TB:,,,5x8,40,TB,,,,,,,,,,,,FT,-,-,-,-,FTTB
,,355,0415-1215 TB:,X,X,0415-1215 TB:,0415-1215 TB:,0415-1215 TB:,0415-1215 TB:,,,5x8,40,TB,,,,,,,,,,,,FT,-,-,-,-,FTTB
,,356,0415-1215 TB:,0415-1215 TB:,X,X,0415-1215 TB:,0415-1215 TB:,0415-1215 TB:,,,5x8,40,TB,,,,,,,,,,,,FT,-,-,-,-,FTTB
,,357,0430-1230 TB:,0430-1230 TB:,0430-1230 TB:,X,X,0430-1230 TB:,0430-1230 TB:,,,5x8,40,TB,,,,,,,,,,,,FT,-,-,-,-,FTTB
,,358,0430-1230 TB:,0430-1230 TB:,0430-1230 TB:,0430-1230 TB:,0430-1230 TB:,X,X,,,5x8,40,TB,,,,,,,,,,,,FT,-,-,-,-,FTTB
,,359,X,X,X,0415-1415 TB:,0415-1415 TB:,0415-1415 TB:,0415-1415 TB:,,,4x10,40,TB,,,,,,,,,,,,FT,-,-,-,-,FTTB
,,360,0400-1400 TB:,0400-1400 TB:,X,X,X,0400-1400 TB:,0400-1400 TB:,,,4x10,40,TB,,,,,,,,,,,,FT,-,-,-,-,FTTB
,,361,0500-1500 TB:,0500-1500 TB:,0500-1500 TB:,X,X,X,0500-1500 TB:,,,4x10,40,TB,,,,,,,,,,,,FT,-,-,-,-,FTTB
,,362,0400-1400 TB:,0400-1400 TB:,0400-1400 TB:,0400-1400 TB:,X,X,X,,,4x10,40,TB,,,,,,,,,,,,FT,-,-,-,-,FTTB
,,363,0400-1400 TB:,0400-1400 TB:,0400-1400 TB:,0400-1400 TB:,X,X,X,,,4x10,40,TB,,,,,,,,,,,,FT,-,-,-,-,FTTB
,,364,X,X,0415-1415 TB:,0415-1415 TB:,0415-1415 TB:,0415-1415 TB:,X,,,4x10,40,TB,,,,,,,,,,,,FT,-,-,-,-,FTTB
,,365,X,X,1000-1800 TB:,1000-1800 TB:,1000-1800 TB:,1000-1800 TB:,1000-1800 TB:,,,5x8,40,TB,,,,,,,,,,,,FT,-,-,-,-,FTTB
,,366,1000-1800 TB:,X,X,1000-1800 TB:,1000-1800 TB:,1000-1800 TB:,1000-1800 TB:,,,5x8,40,TB,,,,,,,,,,,,FT,-,-,-,-,FTTB
,,367,1000-1800 TB:,1000-1800 TB:,X,X,1000-1800 TB:,1000-1800 TB:,1000-1800 TB:,,,5x8,40,TB,,,,,,,,,,,,FT,-,-,-,-,FTTB
,,368,1000-1800 TB:,1000-1800 TB:,1000-1800 TB:,X,X,1000-1800 TB:,1000-1800 TB:,,,5x8,40,TB,,,,,,,,,,,,FT,-,-,-,-,FTTB
,,369,1000-1800 TB:,1000-1800 TB:,1000-1800 TB:,1000-1800 TB:,X,X,1000-1800 TB:,,,5x8,40,TB,,,,,,,,,,,,FT,-,-,-,-,FTTB
,,370,1000-1800 TB:,1000-1800 TB:,1000-1800 TB:,1000-1800 TB:,1000-1800 TB:,X,X,,,5x8,40,TB,,,,,,,,,,,,FT,-,-,-,-,FTTB
,,371,X,1000-1800 TB:,1000-1800 TB:,1000-1800 TB:,1000-1800 TB:,1000-1800 TB:,X,,,5x8,40,TB,,,,,,,,,,,,FT,-,-,-,-,FTTB
,,372,X,X,X,1000-2000 TB:,1000-2000 TB:,1000-2000 TB:,1000-2000 TB:,,,4x10,40,TB,,,,,,,,,,,,FT,-,-,-,-,FTTB
,,373,1000-2000 TB:,X,X,X,1000-2000 TB:,1000-2000 TB:,1000-2000 TB:,,,4x10,40,TB,,,,,,,,,,,,FT,-,-,-,-,FTTB
,,374,1000-2000 TB:,1000-2000 TB:,X,X,X,1000-2000 TB:,1000-2000 TB:,,,4x10,40,TB,,,,,,,,,,,,FT,-,-,-,-,FTTB
,,375,1000-2000 TB:,1000-2000 TB:,1000-2000 TB:,X,X,X,1000-2000 TB:,,,4x10,40,TB,,,,,,,,,,,,FT,-,-,-,-,FTTB
,,376,1000-2000 TB:,1000-2000 TB:,1000-2000 TB:,1000-2000 TB:,X,X,X,,,4x10,40,TB,,,,,,,,,,,,FT,-,-,-,-,FTTB
,,377,X,1000-2000 TB:,1000-2000 TB:,1000-2000 TB:,1000-2000 TB:,X,X,,,4x10,40,TB,,,,,,,,,,,,FT,-,-,-,-,FTTB
,,378,X,X,1000-2000 TB:,1000-2000 TB:,1000-2000 TB:,1000-2000 TB:,X,,,4x10,40,TB,,,,,,,,,,,,FT,-,-,-,-,FTTB
,,379,X,X,1100-1900 TB:,1100-1900 TB:,1100-1900 TB:,1100-1900 TB:,1100-1900 TB:,,,5x8,40,TB,,,,,,,,,,,,FT,-,-,-,-,FTTB
,,380,1100-1900 TB:,X,X,1100-1900 TB:,1100-1900 TB:,1100-1900 TB:,1100-1900 TB:,,,5x8,40,TB,,,,,,,,,,,,FT,-,-,-,-,FTTB
,,381,1100-1900 TB:,1100-1900 TB:,X,X,1100-1900 TB:,1100-1900 TB:,1100-1900 TB:,,,5x8,40,TB,,,,,,,,,,,,FT,-,-,-,-,FTTB
,,382,1100-1900 TB:,1100-1900 TB:,1100-1900 TB:,X,X,1100-1900 TB:,1100-1900 TB:,,,5x8,40,TB,,,,,,,,,,,,FT,-,-,-,-,FTTB
,,383,1100-1900 TB:,1100-1900 TB:,1100-1900 TB:,1100-1900 TB:,X,X,1100-1900 TB:,,,5x8,40,TB,,,,,,,,,,,,FT,-,-,-,-,FTTB
,,384,1100-1900 TB:,1100-1900 TB:,1100-1900 TB:,1100-1900 TB:,1100-1900 TB:,X,X,,,5x8,40,TB,,,,,,,,,,,,FT,-,-,-,-,FTTB
,,385,X,1100-1900 TB:,1100-1900 TB:,1100-1900 TB:,1100-1900 TB:,1100-1900 TB:,X,,,5x8,40,TB,,,,,,,,,,,,FT,-,-,-,-,FTTB
,,386,X,X,1145-1945 TB:,1145-1945 TB:,1145-1945 TB:,1145-1945 TB:,1145-1945 TB:,,,5x8,40,TB,,,,,,,,,,,,FT,-,-,-,-,FTTB
,,387,1145-1945 TB:,1145-1945 TB:,X,X,1145-1945 TB:,1145-1945 TB:,1145-1945 TB:,,,5x8,40,TB,,,,,,,,,,,,FT,-,-,-,-,FTTB
,,388,1145-1945 TB:,1145-1945 TB:,1145-1945 TB:,X,X,1145-1945 TB:,1145-1945 TB:,,,5x8,40,TB,,,,,,,,,,,,FT,-,-,-,-,FTTB
,,389,1145-1945 TB:,1145-1945 TB:,1145-1945 TB:,1145-1945 TB:,X,X,1145-1945 TB:,,,5x8,40,TB,,,,,,,,,,,,FT,-,-,-,-,FTTB
,,390,1145-1945 TB:,1145-1945 TB:,1145-1945 TB:,1145-1945 TB:,1145-1945 TB:,X,X,,,5x8,40,TB,,,,,,,,,,,,FT,-,-,-,-,FTTB
,,391,X,1145-1945 TB:,1145-1945 TB:,1145-1945 TB:,1145-1945 TB:,1145-1945 TB:,X,,,5x8,40,TB,,,,,,,,,,,,FT,-,-,-,-,FTTB
,,392,X,X,1200-2000 TB:,1200-2000 TB:,1200-2000 TB:,1200-2000 TB:,1200-2000 TB:,,,5x8,40,TB,,,,,,,,,,,,FT,-,-,-,-,FTTB
,,393,1200-2000 TB:,X,X,1200-2000 TB:,1200-2000 TB:,1200-2000 TB:,1200-2000 TB:,,,5x8,40,TB,,,,,,,,,,,,FT,-,-,-,-,FTTB
,,394,1200-2000 TB:,1200-2000 TB:,X,X,1200-2000 TB:,1200-2000 TB:,1200-2000 TB:,,,5x8,40,TB,,,,,,,,,,,,FT,-,-,-,-,FTTB
,,395,1200-2000 TB:,1200-2000 TB:,1200-2000 TB:,X,X,1200-2000 TB:,1200-2000 TB:,,,5x8,40,TB,,,,,,,,,,,,FT,-,-,-,-,FTTB
,,396,1200-2000 TB:,1200-2000 TB:,1200-2000 TB:,1200-2000 TB:,X,X,1200-2000 TB:,,,5x8,40,TB,,,,,,,,,,,,FT,-,-,-,-,FTTB
,,397,1200-2000 TB:,1200-2000 TB:,1200-2000 TB:,1200-2000 TB:,1200-2000 TB:,X,X,,,5x8,40,TB,,,,,,,,,,,,FT,-,-,-,-,FTTB
,,398,X,1200-2000 TB:,1200-2000 TB:,1200-2000 TB:,1200-2000 TB:,1200-2000 TB:,X,,,5x8,40,TB,,,,,,,,,,,,FT,-,-,-,-,FTTB
,,399,X,X,1200-2000 TB:,1200-2000 TB:,1200-2000 TB:,1200-2000 TB:,1200-2000 TB:,,,5x8,40,TB,,,,,,,,,,,,FT,-,-,-,-,FTTB
,,400,1200-2000 TB:,X,X,1200-2000 TB:,1200-2000 TB:,1200-2000 TB:,1200-2000 TB:,,,5x8,40,TB,,,,,,,,,,,,FT,-,-,-,-,FTTB
,,401,1200-2000 TB:,1200-2000 TB:,X,X,1200-2000 TB:,1200-2000 TB:,1200-2000 TB:,,,5x8,40,TB,,,,,,,,,,,,FT,-,-,-,-,FTTB
,,402,1200-2000 TB:,1200-2000 TB:,1200-2000 TB:,X,X,1200-2000 TB:,1200-2000 TB:,,,5x8,40,TB,,,,,,,,,,,,FT,-,-,-,-,FTTB
,,403,1200-2000 TB:,1200-2000 TB:,1200-2000 TB:,1200-2000 TB:,X,X,1200-2000 TB:,,,5x8,40,TB,,,,,,,,,,,,FT,-,-,-,-,FTTB
,,404,1200-2000 TB:,1200-2000 TB:,1200-2000 TB:,1200-2000 TB:,1200-2000 TB:,X,X,,,5x8,40,TB,,,,,,,,,,,,FT,-,-,-,-,FTTB
,,405,X,1200-2000 TB:,1200-2000 TB:,1200-2000 TB:,1200-2000 TB:,1200-2000 TB:,X,,,5x8,40,TB,,,,,,,,,,,,FT,-,-,-,-,FTTB
,,406,X,X,X,0415-1015 TB:,0415-1015 TB:,0415-1015 TB:,0415-1015 TB:,,,4x6,24,TB,,,,,,,,,,,,PT,-,-,-,-,PTTB
,,407,0415-1015 TB:,X,X,X,0415-1015 TB:,0415-1015 TB:,0415-1015 TB:,,,4x6,24,TB,,,,,,,,,,,,PT,-,-,-,-,PTTB
,,408,0415-1015 TB:,X,X,X,0415-1015 TB:,0415-1015 TB:,0415-1015 TB:,,,4x6,24,TB,,,,,,,,,,,,PT,-,-,-,-,PTTB
,,409,0415-1015 TB:,0415-1015 TB:,X,X,X,0415-1015 TB:,0415-1015 TB:,,,4x6,24,TB,,,,,,,,,,,,PT,-,-,-,-,PTTB
,,410,0415-1015 TB:,0415-1015 TB:,X,X,X,0415-1015 TB:,0415-1015 TB:,,,4x6,24,TB,,,,,,,,,,,,PT,-,-,-,-,PTTB
,,411,0415-1015 TB:,0415-1015 TB:,0415-1015 TB:,0415-1015 TB:,X,X,X,,,4x6,24,TB,,,,,,,,,,,,PT,-,-,-,-,PTTB
,,412,0415-1015 TB:,0415-1015 TB:,0415-1015 TB:,0415-1015 TB:,X,X,X,,,4x6,24,TB,,,,,,,,,,,,PT,-,-,-,-,PTTB
,,413,0500-1100 TB:,0500-1100 TB:,0500-1100 TB:,0500-1100 TB:,X,X,X,,,4x6,24,TB,,,,,,,,,,,,PT,-,-,-,-,PTTB
,,414,X,0415-1015 TB:,0415-1015 TB:,0415-1015 TB:,0415-1015 TB:,X,X,,,4x6,24,TB,,,,,,,,,,,,PT,-,-,-,-,PTTB
,,415,X,0415-1015 TB:,0415-1015 TB:,0415-1015 TB:,0415-1015 TB:,X,X,,,4x6,24,TB,,,,,,,,,,,,PT,-,-,-,-,PTTB
,,416,X,0415-1015 TB:,0415-1015 TB:,0415-1015 TB:,0415-1015 TB:,X,X,,,4x6,24,TB,,,,,,,,,,,,PT,-,-,-,-,PTTB
,,417,X,X,0415-1215 TB:,0415-1215 TB:,0415-1215 TB:,X,X,,,3x8,24,TB,,,,,,,,,,,,PT,-,-,-,-,PTTB
,,418,0500-1100 TB:,X,X,X,0500-1100 TB:,0500-1100 TB:,0500-1100 TB:,,,4x6,24,TB,,,,,,,,,,,,PT,-,-,-,-,PTTB
,,419,X,X,X,0530-1130 TB:,0530-1130 TB:,0530-1130 TB:,0530-1130 TB:,,,4x6,24,TB,,,,,,,,,,,,PT,-,-,-,-,PTTB
,,420,0415-1015 TB:,X,X,X,0415-1015 TB:,0415-1015 TB:,0415-1015 TB:,,,4x6,24,TB,,,,,,,,,,,,PT,-,-,-,-,PTTB
,,421,0415-1015 TB:,0415-1015 TB:,X,X,X,0415-1015 TB:,0415-1015 TB:,,,4x6,24,TB,,,,,,,,,,,,PT,-,-,-,-,PTTB
,,422,0415-1015 TB:,0415-1015 TB:,0415-1015 TB:,X,X,X,0415-1015 TB:,,,4x6,24,TB,,,,,,,,,,,,PT,-,-,-,-,PTTB
,,423,0415-1015 TB:,0415-1015 TB:,0415-1015 TB:,0415-1015 TB:,X,X,X,,,4x6,24,TB,,,,,,,,,,,,PT,-,-,-,-,PTTB
,,424,X,X,X,0500-1300 TB:,0500-1300 TB:,0500-1300 TB:,X,,,3x8,24,TB,,,,,,,,,,,,PT,-,-,-,-,PTTB
,,425,X,X,X,1100-1700 TB:,1100-1700 TB:,1100-1700 TB:,1100-1700 TB:,,,4x6,24,TB,,,,,,,,,,,,PT,-,-,-,-,PTTB
,,426,1100-1700 TB:,X,X,X,1100-1700 TB:,1100-1700 TB:,1100-1700 TB:,,,4x6,24,TB,,,,,,,,,,,,PT,-,-,-,-,PTTB
,,427,1100-1700 TB:,1100-1700 TB:,X,X,X,1100-1700 TB:,1100-1700 TB:,,,4x6,24,TB,,,,,,,,,,,,PT,-,-,-,-,PTTB
,,428,1100-1700 TB:,1100-1700 TB:,1100-1700 TB:,X,X,X,1100-1700 TB:,,,4x6,24,TB,,,,,,,,,,,,PT,-,-,-,-,PTTB
,,429,1100-1700 TB:,1100-1700 TB:,1100-1700 TB:,1100-1700 TB:,X,X,X,,,4x6,24,TB,,,,,,,,,,,,PT,-,-,-,-,PTTB
,,430,X,1100-1700 TB:,1100-1700 TB:,1100-1700 TB:,1100-1700 TB:,X,X,,,4x6,24,TB,,,,,,,,,,,,PT,-,-,-,-,PTTB
,,431,X,X,X,1145-1745 TB:,1145-1745 TB:,1145-1745 TB:,1145-1745 TB:,,,4x6,24,TB,,,,,,,,,,,,PT,-,-,-,-,PTTB
,,432,1145-1745 TB:,X,X,X,1145-1745 TB:,1145-1745 TB:,1145-1745 TB:,,,4x6,24,TB,,,,,,,,,,,,PT,-,-,-,-,PTTB
,,433,1145-1745 TB:,1145-1745 TB:,X,X,X,1145-1745 TB:,1145-1745 TB:,,,4x6,24,TB,,,,,,,,,,,,PT,-,-,-,-,PTTB
,,434,1145-1745 TB:,1145-1745 TB:,1145-1745 TB:,1145-1745 TB:,X,X,X,,,4x6,24,TB,,,,,,,,,,,,PT,-,-,-,-,PTTB
,,435,X,1145-1745 TB:,1145-1745 TB:,1145-1745 TB:,1145-1745 TB:,X,X,,,4x6,24,TB,,,,,,,,,,,,PT,-,-,-,-,PTTB
,,436,X,X,X,1130-1730 TB:,1130-1730 TB:,1130-1730 TB:,1130-1730 TB:,,,4x6,24,TB,,,,,,,,,,,,PT,-,-,-,-,PTTB
,,437,1130-1730 TB:,X,X,X,1130-1730 TB:,1130-1730 TB:,1130-1730 TB:,,,4x6,24,TB,,,,,,,,,,,,PT,-,-,-,-,PTTB
,,438,1130-1730 TB:,1130-1730 TB:,X,X,X,1130-1730 TB:,1130-1730 TB:,,,4x6,24,TB,,,,,,,,,,,,PT,-,-,-,-,PTTB
,,439,1130-1730 TB:,1130-1730 TB:,1130-1730 TB:,X,X,X,1130-1730 TB:,,,4x6,24,TB,,,,,,,,,,,,PT,-,-,-,-,PTTB
,,440,1130-1730 TB:,1130-1730 TB:,1130-1730 TB:,1130-1730 TB:,X,X,X,,,4x6,24,TB,,,,,,,,,,,,PT,-,-,-,-,PTTB
,,441,X,1200-1800 TB:,1200-1800 TB:,1200-1800 TB:,1200-1800 TB:,X,X,,,4x6,24,TB,,,,,,,,,,,,PT,-,-,-,-,PTTB
,,442,X,X,1200-1800 TB:,1200-1800 TB:,1200-1800 TB:,1200-1800 TB:,X,,,4x6,24,TB,,,,,,,,,,,,PT,-,-,-,-,PTTB
,,443,X,X,X,1215-1815 TB:,1215-1815 TB:,1215-1815 TB:,1215-1815 TB:,,,4x6,24,TB,,,,,,,,,,,,PT,-,-,-,-,PTTB
,,444,1215-1815 TB:,X,X,X,1215-1815 TB:,1215-1815 TB:,1215-1815 TB:,,,4x6,24,TB,,,,,,,,,,,,PT,-,-,-,-,PTTB
,,445,1215-1815 TB:,X,X,X,1215-1815 TB:,1215-1815 TB:,1215-1815 TB:,,,4x6,24,TB,,,,,,,,,,,,PT,-,-,-,-,PTTB
,,446,1215-1815 TB:,1215-1815 TB:,X,X,X,1215-1815 TB:,1215-1815 TB:,,,4x6,24,TB,,,,,,,,,,,,PT,-,-,-,-,PTTB
,,447,1215-1815 TB:,1215-1815 TB:,1215-1815 TB:,X,X,X,1215-1815 TB:,,,4x6,24,TB,,,,,,,,,,,,PT,-,-,-,-,PTTB
,,448,1215-1815 TB:,1215-1815 TB:,1215-1815 TB:,1215-1815 TB:,X,X,X,,,4x6,24,TB,,,,,,,,,,,,PT,-,-,-,-,PTTB
,,449,1215-1815 TB:,1215-1815 TB:,1215-1815 TB:,1215-1815 TB:,X,X,X,,,4x6,24,TB,,,,,,,,,,,,PT,-,-,-,-,PTTB
,,450,X,1215-1815 TB:,1215-1815 TB:,1215-1815 TB:,1215-1815 TB:,X,X,,,4x6,24,TB,,,,,,,,,,,,PT,-,-,-,-,PTTB
,,451,X,X,1215-1815 TB:,1215-1815 TB:,1215-1815 TB:,1215-1815 TB:,X,,,4x6,24,TB,,,,,,,,,,,,PT,-,-,-,-,PTTB
,,452,X,X,X,1230-1830 TB:,1230-1830 TB:,1230-1830 TB:,1230-1830 TB:,,,4x6,24,TB,,,,,,,,,,,,PT,-,-,-,-,PTTB
,,453,1230-1830 TB:,X,X,X,1230-1830 TB:,1230-1830 TB:,1230-1830 TB:,,,4x6,24,TB,,,,,,,,,,,,PT,-,-,-,-,PTTB
,,454,1230-1830 TB:,1230-1830 TB:,1230-1830 TB:,X,X,X,1230-1830 TB:,,,4x6,24,TB,,,,,,,,,,,,PT,-,-,-,-,PTTB
,,455,1230-1830 TB:,1230-1830 TB:,1230-1830 TB:,X,X,X,1230-1830 TB:,,,4x6,24,TB,,,,,,,,,,,,PT,-,-,-,-,PTTB
,,456,1230-1830 TB:,1230-1830 TB:,1230-1830 TB:,1230-1830 TB:,X,X,X,,,4x6,24,TB,,,,,,,,,,,,PT,-,-,-,-,PTTB
,,457,X,X,1200-2000 TB:,1200-2000 TB:,1200-2000 TB:,X,X,,,3x8,24,TB,,,,,,,,,,,,PT,-,-,-,-,PTTB
,,458,X,X,1230-1830 TB:,1230-1830 TB:,1230-1830 TB:,1230-1830 TB:,X,,,4x6,24,TB,,,,,,,,,,,,PT,-,-,-,-,PTTB
,,459,X,1230-1830 TB:,1230-1830 TB:,1230-1830 TB:,1230-1830 TB:,X,X,,,4x6,24,TB,,,,,,,,,,,,PT,-,-,-,-,PTTB
,,460,X,X,X,1300-1900 TB:,1300-1900 TB:,1300-1900 TB:,1300-1900 TB:,,,4x6,24,TB,,,,,,,,,,,,PT,-,-,-,-,PTTB
,,461,1300-1900 TB:,X,X,X,1300-1900 TB:,1300-1900 TB:,1300-1900 TB:,,,4x6,24,TB,,,,,,,,,,,,PT,-,-,-,-,PTTB
,,462,1300-1900 TB:,1300-1900 TB:,X,X,X,1300-1900 TB:,1300-1900 TB:,,,4x6,24,TB,,,,,,,,,,,,PT,-,-,-,-,PTTB
,,463,1300-1900 TB:,1300-1900 TB:,1300-1900 TB:,X,X,X,1300-1900 TB:,,,4x6,24,TB,,,,,,,,,,,,PT,-,-,-,-,PTTB
,,464,1300-1900 TB:,1300-1900 TB:,1300-1900 TB:,1300-1900 TB:,X,X,X,,,4x6,24,TB,,,,,,,,,,,,PT,-,-,-,-,PTTB
,,465,X,X,1300-1900 TB:,1300-1900 TB:,1300-1900 TB:,1300-1900 TB:,X,,,4x6,24,TB,,,,,,,,,,,,PT,-,-,-,-,PTTB
,,466,X,X,X,1330-1930 TB:,1330-1930 TB:,1330-1930 TB:,1330-1930 TB:,,,4x6,24,TB,,,,,,,,,,,,PT,-,-,-,-,PTTB
,,467,1330-1930 TB:,X,X,X,1330-1930 TB:,1330-1930 TB:,1330-1930 TB:,,,4x6,24,TB,,,,,,,,,,,,PT,-,-,-,-,PTTB
,,468,1330-1930 TB:,1330-1930 TB:,X,X,X,1330-1930 TB:,1330-1930 TB:,,,4x6,24,TB,,,,,,,,,,,,PT,-,-,-,-,PTTB
,,469,1330-1930 TB:,1330-1930 TB:,1330-1930 TB:,1330-1930 TB:,X,X,X,,,4x6,24,TB,,,,,,,,,,,,PT,-,-,-,-,PTTB
,,470,X,X,1330-1930 TB:,1330-1930 TB:,1330-1930 TB:,1330-1930 TB:,X,,,4x6,24,TB,,,,,,,,,,,,PT,-,-,-,-,PTTB
,,471,0230-1230 NPST SP1:,0230-1230 NPST SP1:,0230-1230 TB:,X,X,X,0230-1230 NPST SP1:,,FEMALE,4x10,40,NPST,TB Checkpoint 1030-1230       ,,,,,,,,,,,FT,-,-,-,-,FTFEMALENPST
,,472,0230-1230 NPST SP1:,0230-1230 NPST SP1:,0230-1230 TB:,X,X,X,0230-1230 NPST SP1:,,MALE,4x10,40,NPST,TB Checkpoint 1030-1230       ,,,,,,,,,,,FT,-,-,-,-,FTMALENPST
,,473,X,X,0230-1230 NPST SP1:,0230-1230 NPST SP1:,0230-1230 NPST SP1:,0230-1230 NPST SP1:,X,,FEMALE,4x10,40,NPST,TB Checkpoint 1030-1230               ,,,,,,,,,,,FT,-,-,-,-,FTFEMALENPST
,,474,X,X,0230-1230 NPST SP1:,0230-1230 NPST SP1:,0230-1230 NPST SP1:,0230-1230 NPST SP1:,X,,MALE,4x10,40,NPST,TB Checkpoint 1030-1230               ,,,,,,,,,,,FT,-,-,-,-,FTMALENPST
,,475,1030-2030 NPST SP1:,1030-2030 NPST SP1:,1030-2030 NPST SP1:,X,X,X,1030-2030 NPST SP1:,,FEMALE,4x10,40,NPST,Tue - half NPS T / half TB,,,,,,,,,,,FT,-,-,-,-,FTFEMALENPST
,,476,1030-2030 NPST SP1:,1030-2030 NPST SP1:,1030-2030 NPST SP1:,X,X,X,1030-2030 NPST SP1:,,MALE,4x10,40,NPST,Tue - half NPS T / half TB,,,,,,,,,,,FT,-,-,-,-,FTMALENPST
,,477,X,X,1030-2030 TB:,1030-2030 NPST SP1:,1030-2030 NPST SP1:,1030-2030 NPST SP1:,X,,FEMALE,4x10,40,NPST,Tue - half TB / half NPS T,,,,,,,,,,,FT,-,-,-,-,FTFEMALENPST
,,478,X,X,1030-2030 TB:,1030-2030 NPST SP1:,1030-2030 NPST SP1:,1030-2030 NPST SP1:,X,,MALE,4x10,40,NPST,Tue - half TB / half NPS T,,,,,,,,,,,FT,-,-,-,-,FTMALENPST
,,479,0415-1215 NPST GATE 79:,0415-1215 NPST GATE 79:,0415-1215 TB:,X,X,0415-1215 TB:,0415-1215 NPST GATE 79:,,FEMALE,5x8,40,NPST,TB 1130-1230,,,,,,,,,,,FT,-,-,-,-,FTFEMALENPST
,,480,0415-1215 NPST GATE 79:,0415-1215 NPST GATE 79:,0415-1215 TB:,X,X,0415-1215 TB:,0415-1215 NPST GATE 79:,,MALE,5x8,40,NPST,TB 1130-1230,,,,,,,,,,,FT,-,-,-,-,FTMALENPST
,,481,X,0415-1215 TB:,0415-1215 NPST GATE 79:,0415-1215 NPST GATE 79:,0415-1215 NPST GATE 79:,0415-1215 NPST GATE 79:,X,,FEMALE,5x8,40,NPST,TB 1130-1230,,,,,,,,,,,FT,-,-,-,-,FTFEMALENPST
,,482,X,0415-1215 TB:,0415-1215 NPST GATE 79:,0415-1215 NPST GATE 79:,0415-1215 NPST GATE 79:,0415-1215 NPST GATE 79:,X,,MALE,5x8,40,NPST,TB 1130-1230,,,,,,,,,,,FT,-,-,-,-,FTMALENPST
,,483,1130-1930 NPST GATE 79:,1130-1930 TB:,1130-1930 TB:,X,X,1130-1930 NPST GATE 79:,1130-1930 NPST GATE 79:,,FEMALE,5x8,40,NPST,TB Checkpoint 1830-1930,,,,,,,,,,,FT,-,-,-,-,FTFEMALENPST
,,484,1130-1930 NPST GATE 79:,1130-1930 TB:,1130-1930 TB:,X,X,1130-1930 NPST GATE 79:,1130-1930 NPST GATE 79:,,MALE,5x8,40,NPST,TB Checkpoint 1830-1930,,,,,,,,,,,FT,-,-,-,-,FTMALENPST
,,485,X,1130-1930 NPST GATE 79:,1130-1930 NPST GATE 79:,1130-1930 NPST GATE 79:,1130-1930 NPST GATE 79:,1130-1930 TB:,X,,FEMALE,5x8,40,NPST,TB Checkpoint 1830-1930,,,,,,,,,,,FT,-,-,-,-,FTFEMALENPST
,,486,X,1130-1930 NPST GATE 79:,1130-1930 NPST GATE 79:,1130-1930 NPST GATE 79:,1130-1930 NPST GATE 79:,1130-1930 TB:,X,,MALE,5x8,40,NPST,TB Checkpoint 1830-1930,,,,,,,,,,,FT,-,-,-,-,FTMALENPST
,,487,0500-1300 NPST DI:,X,X,0500-1300 PBS:,0500-1300 PBS:,0500-1300 NPST DI:,0500-1300 NPST DI:,,FEMALE,5x8,40,NPST,,,,,,,,,,,,FT,-,-,-,-,FTFEMALENPST
,,488,0500-1300 NPST DI:,X,X,0500-1300 PBS:,0500-1300 PBS:,0500-1300 NPST DI:,0500-1300 NPST DI:,,MALE,5x8,40,NPST,,,,,,,,,,,,FT,-,-,-,-,FTMALENPST
,,489,0500-1300 NPST DI:,X,X,0500-1300 PBS:,0500-1300 PBS:,0500-1300 NPST DI:,0500-1300 NPST DI:,,MIXED,5x8,40,NPST,,,,,,,,,,,,FT,-,-,-,-,FTMIXEDNPST
,,490,X,0500-1300 NPST DI:,0500-1300 NPST DI:,0500-1300 NPST DI:,0500-1300 NPST DI:,0500-1300 PBS:,X,,FEMALE,5x8,40,NPST,,,,,,,,,,,,FT,-,-,-,-,FTFEMALENPST
,,491,X,0500-1300 NPST DI:,0500-1300 NPST DI:,0500-1300 NPST DI:,0500-1300 NPST DI:,0500-1300 PBS:,X,,MALE,5x8,40,NPST,,,,,,,,,,,,FT,-,-,-,-,FTMALENPST
,,492,X,0500-1300 NPST DI:,0500-1300 NPST DI:,0500-1300 NPST DI:,0500-1300 NPST DI:,0500-1300 PBS:,X,,MIXED,5x8,40,NPST,,,,,,,,,,,,FT,-,-,-,-,FTMIXEDNPST
,,493,1300-2100 NPST DI:,X,X,1300-2100 PBS:,1300-2100 PBS:,1300-2100 NPST DI:,1300-2100 NPST DI:,,FEMALE,5x8,40,NPST,,,,,,,,,,,,FT,-,-,-,-,FTFEMALENPST
,,494,1300-2100 NPST DI:,X,X,1300-2100 PBS:,1300-2100 PBS:,1300-2100 NPST DI:,1300-2100 NPST DI:,,MALE,5x8,40,NPST,,,,,,,,,,,,FT,-,-,-,-,FTMALENPST
,,495,1300-2100 NPST DI:,X,X,1300-2100 PBS:,1300-2100 PBS:,1300-2100 NPST DI:,1300-2100 NPST DI:,,MIXED,5x8,40,NPST,,,,,,,,,,,,FT,-,-,-,-,FTMIXEDNPST
,,496,X,1300-2100 NPST DI:,1300-2100 NPST DI:,1300-2100 NPST DI:,1300-2100 NPST DI:,1300-2100 PBS:,X,,FEMALE,5x8,40,NPST,,,,,,,,,,,,FT,-,-,-,-,FTFEMALENPST
,,497,X,1300-2100 NPST DI:,1300-2100 NPST DI:,1300-2100 NPST DI:,1300-2100 NPST DI:,1300-2100 PBS:,X,,MALE,5x8,40,NPST,,,,,,,,,,,,FT,-,-,-,-,FTMALENPST
,,498,X,1300-2100 NPST DI:,1300-2100 NPST DI:,1300-2100 NPST DI:,1300-2100 NPST DI:,1300-2100 PBS:,X,,MIXED,5x8,40,NPST,,,,,,,,,,,,FT,-,-,-,-,FTMIXEDNPST
,,499,0330-1130 NPST Y38:,0330-1130 NPST Y38:,0330-1130 PBS TB:,0330-1130 PBS TB:,X,X,0330-1130 NPST Y38:,,FEMALE,5x8,40,NPST,,,,,,,,,,,,FT,-,-,-,-,FTFEMALENPST
,,500,0330-1130 NPST Y38:,0330-1130 NPST Y38:,0330-1130 PBS TB:,0330-1130 PBS TB:,X,X,0330-1130 NPST Y38:,,MALE,5x8,40,NPST,,,,,,,,,,,,FT,-,-,-,-,FTMALENPST
,,501,X,0330-1130 PBS TB:,0330-1130 NPST Y38:,0330-1130 NPST Y38:,0330-1130 NPST Y38:,0330-1130 NPST Y38:,X,,FEMALE,5x8,40,NPST,,,,,,,,,,,,FT,-,-,-,-,FTFEMALENPST
,,502,X,0330-1130 PBS TB:,0330-1130 NPST Y38:,0330-1130 NPST Y38:,0330-1130 NPST Y38:,0330-1130 NPST Y38:,X,,MALE,5x8,40,NPST,,,,,,,,,,,,FT,-,-,-,-,FTMALENPST
,,503,1115-1915 NPST Y38:,1115-1915 NPST Y38:,1115-1915 PBS TB:,1115-1915 PBS TB:,X,X,1115-1915 NPST Y38:,,FEMALE,5x8,40,NPST,,,,,,,,,,,,FT,-,-,-,-,FTFEMALENPST
,,504,1115-1915 NPST Y38:,1115-1915 NPST Y38:,1115-1915 PBS TB:,1115-1915 PBS TB:,X,X,1115-1915 NPST Y38:,,MALE,5x8,40,NPST,,,,,,,,,,,,FT,-,-,-,-,FTMALENPST
,,505,X,1115-1915 PBS TB:,1115-1915 NPST Y38:,1115-1915 NPST Y38:,1115-1915 NPST Y38:,1115-1915 NPST Y38:,X,,FEMALE,5x8,40,NPST,,,,,,,,,,,,FT,-,-,-,-,FTFEMALENPST
,,506,X,1115-1915 PBS TB:,1115-1915 NPST Y38:,1115-1915 NPST Y38:,1115-1915 NPST Y38:,1115-1915 NPST Y38:,X,,MALE,5x8,40,NPST,,,,,,,,,,,,FT,-,-,-,-,FTMALENPST
,,507,1745-0345 NPST Y38:,1745-0345 PBS:,X,X,X,1745-0345 NPST Y38:,1745-0345 NPST Y38:,,FEMALE,4x10,40,NPST,TB Checkpoint 1745-1900,,,,,,,,,,,FT,-,-,-,-,FTFEMALENPST
,,508,1745-0345 NPST Y38:,1745-0345 PBS:,X,X,X,1745-0345 NPST Y38:,1745-0345 NPST Y38:,,MALE,4x10,40,NPST,TB Checkpoint 1745-1900,,,,,,,,,,,FT,-,-,-,-,FTMALENPST
,,509,X,1745-0345 NPST Y38:,1745-0345 NPST Y38:,1745-0345 NPST Y38:,1745-0345 NPST Y38:,X,X,,FEMALE,4x10,40,NPST,TB Checkpoint 1745-1900,,,,,,,,,,,FT,-,-,-,-,FTFEMALENPST
,,510,X,1745-0345 NPST Y38:,1745-0345 NPST Y38:,1745-0345 NPST Y38:,1745-0345 NPST Y38:,X,X,,MALE,4x10,40,NPST,TB Checkpoint 1745-1900,,,,,,,,,,,FT,-,-,-,-,FTMALENPST
,,511,0330-1130 NPST JAVA U:,X,X,0330-1130 TB:,0330-1130 TB:,0330-1130 NPST JAVA U:,0330-1130 NPST JAVA U:,,FEMALE,5x8,40,NPST,,,,,,,,,,,,FT,-,-,-,-,FTFEMALENPST
,,512,0330-1130 NPST JAVA U:,X,X,0330-1130 TB:,0330-1130 TB:,0330-1130 NPST JAVA U:,0330-1130 NPST JAVA U:,,MALE,5x8,40,NPST,,,,,,,,,,,,FT,-,-,-,-,FTMALENPST
,,513,X,0330-1130 NPST JAVA U:,0330-1130 NPST JAVA U:,0330-1130 NPST JAVA U:,0330-1130 NPST JAVA U:,0330-1130 TB:,X,,FEMALE,5x8,40,NPST,,,,,,,,,,,,FT,-,-,-,-,FTFEMALENPST
,,514,X,0330-1130 NPST JAVA U:,0330-1130 NPST JAVA U:,0330-1130 NPST JAVA U:,0330-1130 NPST JAVA U:,0330-1130 TB:,X,,MALE,5x8,40,NPST,,,,,,,,,,,,FT,-,-,-,-,FTMALENPST
,,515,1115-1915 NPST JAVA U:,X,X,1115-1915 TB:,1115-1915 TB:,1115-1915 NPST JAVA U:,1115-1915 NPST JAVA U:,,FEMALE,5x8,40,NPST,,,,,,,,,,,,FT,-,-,-,-,FTFEMALENPST
,,516,1115-1915 NPST JAVA U:,X,X,1115-1915 TB:,1115-1915 TB:,1115-1915 NPST JAVA U:,1115-1915 NPST JAVA U:,,MALE,5x8,40,NPST,,,,,,,,,,,,FT,-,-,-,-,FTMALENPST
,,517,X,1115-1915 NPST JAVA U:,1115-1915 NPST JAVA U:,1115-1915 NPST JAVA U:,1115-1915 NPST JAVA U:,1115-1915 TB:,X,,FEMALE,5x8,40,NPST,,,,,,,,,,,,FT,-,-,-,-,FTFEMALENPST
,,518,X,1115-1915 NPST JAVA U:,1115-1915 NPST JAVA U:,1115-1915 NPST JAVA U:,1115-1915 NPST JAVA U:,1115-1915 TB:,X,,MALE,5x8,40,NPST,,,,,,,,,,,,FT,-,-,-,-,FTMALENPST
,,519,1745-0345 NPST JAVA U:,1745-0345 NPST JAVA U:,X,X,X,1745-0345 PBS:,1745-0345 NPST JAVA U:,,FEMALE,4x10,40,NPST,TB Checkpoint 1745-1900,,,,,,,,,,,FT,-,-,-,-,FTFEMALENPST
,,520,1745-0345 NPST JAVA U:,1745-0345 NPST JAVA U:,X,X,X,1745-0345 PBS:,1745-0345 NPST JAVA U:,,MALE,4x10,40,NPST,TB Checkpoint 1745-1900,,,,,,,,,,,FT,-,-,-,-,FTMALENPST
,,521,X,X,1745-0345 NPST JAVA U:,1745-0345 NPST JAVA U:,1745-0345 NPST JAVA U:,1745-0345 NPST JAVA U:,X,,FEMALE,4x10,40,NPST,TB Checkpoint 1745-1900,,,,,,,,,,,FT,-,-,-,-,FTFEMALENPST
,,522,X,X,1745-0345 NPST JAVA U:,1745-0345 NPST JAVA U:,1745-0345 NPST JAVA U:,1745-0345 NPST JAVA U:,X,,MALE,4x10,40,NPST,TB Checkpoint 1745-1900,,,,,,,,,,,FT,-,-,-,-,FTMALENPST
,,523,0330-1130 NPST 51:,0330-1130 NPST 51:,X,X,0330-1130 PBS:,0330-1130 PBS:,0330-1130 NPST 51:,,FEMALE,5x8,40,NPST,,,,,,,,,,,,FT,-,-,-,-,FTFEMALENPST
,,524,0330-1130 NPST 51:,0330-1130 NPST 51:,X,X,0330-1130 PBS:,0330-1130 PBS:,0330-1130 NPST 51:,,MALE,5x8,40,NPST,,,,,,,,,,,,FT,-,-,-,-,FTMALENPST
,,525,0330-1130 NPST 51:,0330-1130 NPST 51:,X,X,0330-1130 PBS:,0330-1130 PBS:,0330-1130 NPST 51:,,MIXED,5x8,40,NPST,,,,,,,,,,,,FT,-,-,-,-,FTMIXEDNPST
,,526,X,0330-1130 PBS:,0330-1130 NPST 51:,0330-1130 NPST 51:,0330-1130 NPST 51:,0330-1130 NPST 51:,X,,FEMALE,5x8,40,NPST,,,,,,,,,,,,FT,-,-,-,-,FTFEMALENPST
,,527,X,0330-1130 PBS:,0330-1130 NPST 51:,0330-1130 NPST 51:,0330-1130 NPST 51:,0330-1130 NPST 51:,X,,MALE,5x8,40,NPST,,,,,,,,,,,,FT,-,-,-,-,FTMALENPST
,,528,X,0330-1130 PBS:,0330-1130 NPST 51:,0330-1130 NPST 51:,0330-1130 NPST 51:,0330-1130 NPST 51:,X,,MIXED,5x8,40,NPST,,,,,,,,,,,,FT,-,-,-,-,FTMIXEDNPST
,,529,1115-1915 NPST 51:,1115-1915 NPST 51:,X,X,1115-1915 PBS:,1115-1915 PBS:,1115-1915 NPST 51:,,FEMALE,5x8,40,NPST,,,,,,,,,,,,FT,-,-,-,-,FTFEMALENPST
,,530,1115-1915 NPST 51:,1115-1915 NPST 51:,X,X,1115-1915 PBS:,1115-1915 PBS:,1115-1915 NPST 51:,,MALE,5x8,40,NPST,,,,,,,,,,,,FT,-,-,-,-,FTMALENPST
,,531,1115-1915 NPST 51:,1115-1915 NPST 51:,X,X,1115-1915 PBS:,1115-1915 PBS:,1115-1915 NPST 51:,,MIXED,5x8,40,NPST,,,,,,,,,,,,FT,-,-,-,-,FTMIXEDNPST
,,532,X,1115-1915 PBS:,1115-1915 NPST 51:,1115-1915 NPST 51:,1115-1915 NPST 51:,1115-1915 NPST 51:,X,,FEMALE,5x8,40,NPST,,,,,,,,,,,,FT,-,-,-,-,FTFEMALENPST
,,533,X,1115-1915 PBS:,1115-1915 NPST 51:,1115-1915 NPST 51:,1115-1915 NPST 51:,1115-1915 NPST 51:,X,,MALE,5x8,40,NPST,,,,,,,,,,,,FT,-,-,-,-,FTMALENPST
,,534,X,1115-1915 PBS:,1115-1915 NPST 51:,1115-1915 NPST 51:,1115-1915 NPST 51:,1115-1915 NPST 51:,X,,MIXED,5x8,40,NPST,,,,,,,,,,,,FT,-,-,-,-,FTMIXEDNPST
,,535,1745-0345 NPST 51:,1745-0345 PBS:,X,X,X,1745-0345 NPST 51:,1745-0345 NPST 51:,,FEMALE,4x10,40,NPST,DI Checkpoint 1745-1900,,,,,,,,,,,FT,-,-,-,-,FTFEMALENPST
,,536,1745-0345 NPST 51:,1745-0345 PBS:,X,X,X,1745-0345 NPST 51:,1745-0345 NPST 51:,,MALE,4x10,40,NPST,DI Checkpoint 1745-1900,,,,,,,,,,,FT,-,-,-,-,FTMALENPST
,,537,1745-0345 NPST 51:,1745-0345 PBS:,X,X,X,1745-0345 NPST 51:,1745-0345 NPST 51:,,MIXED,4x10,40,NPST,DI Checkpoint 1745-1900,,,,,,,,,,,FT,-,-,-,-,FTMIXEDNPST
,,538,X,1745-0345 NPST 51:,1745-0345 NPST 51:,1745-0345 NPST 51:,1745-0345 NPST 51:,X,X,,FEMALE,4x10,40,NPST,DI Checkpoint 1745-1900,,,,,,,,,,,FT,-,-,-,-,FTFEMALENPST
,,539,X,1745-0345 NPST 51:,1745-0345 NPST 51:,1745-0345 NPST 51:,1745-0345 NPST 51:,X,X,,MALE,4x10,40,NPST,DI Checkpoint 1730-1900,,,,,,,,,,,FT,-,-,-,-,FTMALENPST
,,540,X,1745-0345 NPST 51:,1745-0345 NPST 51:,1745-0345 NPST 51:,1745-0345 NPST 51:,X,X,,MIXED,4x10,40,NPST,DI Checkpoint 1730-1900,,,,,,,,,,,FT,-,-,-,-,FTMIXEDNPST
,,541,0200-1200 NPST CTX:,0200-1200 NPST CTX:,0200-1200 PBS NPST CTX:,X,X,X,0200-1200 NPST CTX:,,MIXED,4x10,40,NPST,Tues Half  NPST/ID,,,,,,,,,,,FT,-,-,-,-,FTMIXEDNPST
,,542,X,X,0200-1200 ID:,0200-1200 NPST CTX:,0200-1200 NPST CTX:,0200-1200 NPST CTX:,X,,MIXED,4x10,40,NPST,Tues Half - ID/ NPST,,,,,,,,,,,FT,-,-,-,-,FTMIXEDNPST
,,543,1200-2200 NPST CTX:,1200-2200 NPST CTX:,1200-2200 PBS NPST CTX:,X,X,X,1200-2200 NPST CTX:,,MIXED,4x10,40,NPST,Tues Half  NPST/ID,,,,,,,,,,,FT,-,-,-,-,FTMIXEDNPST
,,544,X,X,1200-2200 ID:,1200-2200 NPST CTX:,1200-2200 NPST CTX:,1200-2200 NPST CTX:,X,,MIXED,4x10,40,NPST,Tues Half - ID/ NPST,,,,,,,,,,,FT,-,-,-,-,FTMIXEDNPST
,,545,0330-1130 NPST CTX:,X,X,0330-1130 PBS:,0330-1130 PBS:,0330-1130 NPST CTX:,0330-1130 NPST CTX:,,FEMALE,5x8,40,NPST,,,,,,,,,,,,FT,-,-,-,-,FTFEMALENPST
,,546,0330-1130 NPST CTX:,X,X,0330-1130 PBS:,0330-1130 PBS:,0330-1130 NPST CTX:,0330-1130 NPST CTX:,,MALE,5x8,40,NPST,,,,,,,,,,,,FT,-,-,-,-,FTMALENPST
,,547,X,0330-1130 NPST CTX:,0330-1130 NPST CTX:,0330-1130 NPST CTX:,0330-1130 NPST CTX:,0330-1130 PBS:,X,,FEMALE,5x8,40,NPST,,,,,,,,,,,,FT,-,-,-,-,FTFEMALENPST
,,548,X,0330-1130 NPST CTX:,0330-1130 NPST CTX:,0330-1130 NPST CTX:,0330-1130 NPST CTX:,0330-1130 PBS:,X,,MALE,5x8,40,NPST,,,,,,,,,,,,FT,-,-,-,-,FTMALENPST
,,549,1115-1915 NPST CTX:,X,X,1115-1915 PBS:,1115-1915 PBS:,1115-1915 NPST CTX:,1115-1915 NPST CTX:,,FEMALE,5x8,40,NPST,,,,,,,,,,,,FT,-,-,-,-,FTFEMALENPST
,,550,1115-1915 NPST CTX:,X,X,1115-1915 PBS:,1115-1915 PBS:,1115-1915 NPST CTX:,1115-1915 NPST CTX:,,MALE,5x8,40,NPST,,,,,,,,,,,,FT,-,-,-,-,FTMALENPST
,,551,X,1115-1915 NPST CTX:,1115-1915 NPST CTX:,1115-1915 NPST CTX:,1115-1915 NPST CTX:,1115-1915 PBS:,X,,FEMALE,5x8,40,NPST,,,,,,,,,,,,FT,-,-,-,-,FTFEMALENPST
,,552,X,1115-1915 NPST CTX:,1115-1915 NPST CTX:,1115-1915 NPST CTX:,1115-1915 NPST CTX:,1115-1915 PBS:,X,,MALE,5x8,40,NPST,,,,,,,,,,,,FT,-,-,-,-,FTMALENPST
,,553,1730-0330 NPST CTX:,1730-0330 NPST CTX:,1730-0330 TB:,X,X,X,1730-0330 NPST CTX:,,FEMALE,4x10,40,NPST,TB Checkpoint 1730-1900 / Tue NPST Backup,,,,,,,,,,,FT,-,-,-,-,FTFEMALENPST
,,554,1730-0330 NPST CTX:,1730-0330 NPST CTX:,1730-0330 TB:,X,X,X,1730-0330 NPST CTX:,,MALE,4x10,40,NPST,TB Checkpoint 1730-1900 / Tue NPST Backup,,,,,,,,,,,FT,-,-,-,-,FTMALENPST
,,555,X,X,1730-0330 NPST CTX:,1730-0330 NPST CTX:,1730-0330 NPST CTX:,1730-0330 NPST CTX:,X,,FEMALE,4x10,40,NPST,TB Checkpoint 1730-1900,,,,,,,,,,,FT,-,-,-,-,FTFEMALENPST
,,556,X,X,1730-0330 NPST CTX:,1730-0330 NPST CTX:,1730-0330 NPST CTX:,1730-0330 NPST CTX:,X,,MALE,4x10,40,NPST,TB Checkpoint 1730-1900,,,,,,,,,,,FT,-,-,-,-,FTMALENPST
,,557,X,0400-1200 DI:,0400-1200 NPST BRK RLF:,0400-1200 NPST BRK RLF:,0400-1200 NPST BRK RLF:,0400-1200 NPST BRK RLF:,X,,MALE,5x8,40,NPST,DI Checkpoint 1100-1200,,,,,,,,,,,FT,-,-,-,-,FTMALENPST
,,558,X,0400-1200 DI:,0400-1200 NPST BRK RLF:,0400-1200 NPST BRK RLF:,0400-1200 NPST BRK RLF:,0400-1200 NPST BRK RLF:,X,,FEMALE,5x8,40,NPST,DI Checkpoint 1100-1200,,,,,,,,,,,FT,-,-,-,-,FTFEMALENPST
,,559,0400-1200 NPST BRK RLF:,0400-1200 NPST BRK RLF:,X,X,0400-1200 DI:,0400-1200 DI:,0400-1200 NPST BRK RLF:,,MALE,5x8,40,NPST,DI Checkpoint 1100-1200,,,,,,,,,,,FT,-,-,-,-,FTMALENPST
,,560,0400-1200 NPST BRK RLF:,0400-1200 NPST BRK RLF:,X,X,0400-1200 DI:,0400-1200 DI:,0400-1200 NPST BRK RLF:,,FEMALE,5x8,40,NPST,DI Checkpoint 1100-1200,,,,,,,,,,,FT,-,-,-,-,FTFEMALENPST
,,561,0430-1030 TB:,X,X,X,0430-1030 NPST TB BRK RLF:,0430-1030 NPST TB BRK RLF:,0430-1030 NPST TB BRK RLF:,,FEMALE,4x6,24,NPST,TB BREAK RELIEF,,,,,,,,,,,PT,-,-,-,-,PTFEMALENPST
,,562,0430-1030 TB:,X,X,X,0430-1030 NPST TB BRK RLF:,0430-1030 NPST TB BRK RLF:,0430-1030 NPST TB BRK RLF:,,MALE,4x6,24,NPST,TB BREAK RELIEF,,,,,,,,,,,PT,-,-,-,-,PTMALENPST
,,563,0430-1230 NPST ID BRK RLF:,0430-1230 NPST ID BRK RLF:,X,X,0430-1230 DI:,0430-1230 DI:,0430-1230 NPST ID BRK RLF:,,Mixed,5x8,40,NPST,DI BREAK RELIEF,,,,,,,,,,,FT,-,-,-,-,FTMixedNPST
,,564,0430-1030 NPST TB BRK RLF:,0430-1030 NPST TB BRK RLF:,0430-1030 NPST TB BRK RLF:,0430-1030 NPST TB BRK RLF:,X,X,X,,FEMALE,4x6,24,NPST,TB BREAK RELIEF,,,,,,,,,,,PT,-,-,-,-,PTFEMALENPST
,,565,0430-1030 NPST TB BRK RLF:,0430-1030 NPST TB BRK RLF:,0430-1030 NPST TB BRK RLF:,0430-1030 NPST TB BRK RLF:,X,X,X,,MALE,4x6,24,NPST,TB BREAK RELIEF,,,,,,,,,,,PT,-,-,-,-,PTMALENPST
,,566,X,0430-1230 DI:,0430-1230 NPST ID BRK RLF:,0430-1230 NPST ID BRK RLF:,0430-1230 NPST ID BRK RLF:,0430-1230 NPST ID BRK RLF:,X,,Mixed,5x8,40,NPST,DI BREAK RELIEF,,,,,,,,,,,FT,-,-,-,-,FTMixedNPST
,,567,X,X,X,1215-1815 NPST BRK RLF:,1215-1815 NPST BRK RLF:,1215-1815 NPST BRK RLF:,1215-1815 NPST BRK RLF:,,MALE,4x6,24,NPST,,,,,,,,,,,,PT,-,-,-,-,PTMALENPST
,,568,X,X,X,1215-1815 NPST BRK RLF:,1215-1815 NPST BRK RLF:,1215-1815 NPST BRK RLF:,1215-1815 NPST BRK RLF:,,FEMALE,4x6,24,NPST,,,,,,,,,,,,PT,-,-,-,-,PTFEMALENPST
,,569,1215-1815 NPST BRK RLF:,1215-1815 NPST BRK RLF:,1215-1815 NPST BRK RLF:,1215-1815 NPST BRK RLF:,X,X,X,,FEMALE,4x6,24,NPST,,,,,,,,,,,,PT,-,-,-,-,PTFEMALENPST
,,570,1215-1815 NPST BRK RLF:,1215-1815 NPST BRK RLF:,1215-1815 NPST BRK RLF:,1215-1815 NPST BRK RLF:,X,X,X,,MALE,4x6,24,NPST,,,,,,,,,,,,PT,-,-,-,-,PTMALENPST
,,571,1245-2045      PBS ID:,X,X,1245-2045 NPST BRK RLF:,1245-2045 NPST BRK RLF:,1245-2045 NPST BRK RLF:,1245-2045 NPST BRK RLF:,,FEMALE,5x8,40,NPST,,,,,,,,,,,,FT,-,-,-,-,FTFEMALENPST
,,572,1245-2045      PBS ID:,X,X,1245-2045 NPST BRK RLF:,1245-2045 NPST BRK RLF:,1245-2045 NPST BRK RLF:,1245-2045 NPST BRK RLF:,,MALE,5x8,40,NPST,,,,,,,,,,,,FT,-,-,-,-,FTMALENPST
,,573,1245-2045 NPST BRK RLF:,1245-2045 NPST BRK RLF:,1245-2045 NPST BRK RLF:,1245-2045      PBS ID:,1245-2045      PBS ID:,X,X,,FEMALE,5x8,40,NPST,,,,,,,,,,,,FT,-,-,-,-,FTFEMALENPST
,,574,1245-2045 NPST BRK RLF:,1245-2045 NPST BRK RLF:,1245-2045 NPST BRK RLF:,1245-2045      PBS ID:,1245-2045      PBS ID:,X,X,,MALE,5x8,40,NPST,,,,,,,,,,,,FT,-,-,-,-,FTMALENPST
,,575,1230-2230 NPST BRK RLF:,1230-2230 NPST BRK RLF:,X,X,X,1230-2230 NPST BRK RLF:,1230-2230 NPST BRK RLF:,,Mixed,4x10,40,NPST,,,,,,,,,,,,FT,-,-,-,-,FTMixedNPST
,,576,X,X,1230-2230 NPST BRK RLF:,1230-2230 NPST BRK RLF:,1230-2230 NPST BRK RLF:,1230-2230 NPST BRK RLF:,X,,Mixed,4x10,40,NPST,,,,,,,,,,,,FT,-,-,-,-,FTMixedNPST
,,577,1700-0300 NPST BRK RLF:,1700-0300 PBS TB:,X,X,X,1700-0300 NPST BRK RLF:,1700-0300 NPST BRK RLF:,,MALE,4x10,40,NPST,TB 1700-1900,,,,,,,,,,,FT,-,-,-,-,FTMALENPST
,,578,1700-0300 NPST BRK RLF:,1700-0300 PBS TB:,X,X,X,1700-0300 NPST BRK RLF:,1700-0300 NPST BRK RLF:,,FEMALE,4x10,40,NPST,TB 1700-1900,,,,,,,,,,,FT,-,-,-,-,FTFEMALENPST
,,579,X,1700-0300 NPST BRK RLF:,1700-0300 NPST BRK RLF:,1700-0300 NPST BRK RLF:,1700-0300 NPST BRK RLF:,X,X,,MALE,4x10,40,NPST,TB 1700-1900,,,,,,,,,,,FT,-,-,-,-,FTMALENPST
,,580,X,1700-0300 NPST BRK RLF:,1700-0300 NPST BRK RLF:,1700-0300 NPST BRK RLF:,1700-0300 NPST BRK RLF:,X,X,,FEMALE,4x10,40,NPST,TB 1700-1900,,,,,,,,,,,FT,-,-,-,-,FTFEMALENPST
,,581,1930-0130 PBS ID:,X,X,X,1930-0130 NPST BRK RLF:,1930-0130 NPST BRK RLF:,1930-0130 NPST BRK RLF:,,FEMALE,4x6,24,NPST,,,,,,,,,,,,PT,-,-,-,-,PTFEMALENPST
,,582,1930-0130 PBS ID:,X,X,X,1930-0130 NPST BRK RLF:,1930-0130 NPST BRK RLF:,1930-0130 NPST BRK RLF:,,MALE,4x6,24,NPST,,,,,,,,,,,,PT,-,-,-,-,PTMALENPST
,,583,1930-0130 NPST BRK RLF:,1930-0130 NPST BRK RLF:,1930-0130 NPST BRK RLF:,1930-0130 NPST BRK RLF:,X,X,X,,FEMALE,4x6,24,NPST,,,,,,,,,,,,PT,-,-,-,-,PTFEMALENPST
,,584,1930-0130 NPST BRK RLF:,1930-0130 NPST BRK RLF:,1930-0130 NPST BRK RLF:,1930-0130 NPST BRK RLF:,X,X,X,,MALE,4x6,24,NPST,,,,,,,,,,,,PT,-,-,-,-,PTMALENPST
,,585,X,0300-1300 DI:,0300-1300 NPV DELTA:,0315-1315 NPV CHARLIE:,0315-1315 NPV CHARLIE:,X,X,,Female,4x10,40,NPSV,,,,,,,,,,,,FT,-,-,-,-,FTFemaleNPSV
,,586,0315-1315 DI:,0300-1300 NPV DELTA:,0315-1315 NPV CHARLIE:,0300-1300 NPV DELTA:,X,X,X,,Female,4x10,40,NPSV,,,,,,,,,,,,FT,-,-,-,-,FTFemaleNPSV
,,587,0300-1300 NPV DELTA:,0315-1315 NPV CHARLIE:,0315-1315 NPV CHARLIE:,X,X,X,0300-1300 DI:,,Female,4x10,40,NPSV,,,,,,,,,,,,FT,-,-,-,-,FTFemaleNPSV
,,588,0315-1315 NPV CHARLIE:,0300-1300 NPV DELTA:,X,X,X,0315-1315 DI:,0300-1300 NPV DELTA:,,Female,4x10,40,NPSV,,,,,,,,,,,,FT,-,-,-,-,FTFemaleNPSV
,,589,0315-1315 NPV CHARLIE:,X,X,X,0300-1300 DI:,0300-1300 NPV DELTA:,0315-1315 NPV CHARLIE:,,Female,4x10,40,NPSV,,,,,,,,,,,,FT,-,-,-,-,FTFemaleNPSV
,,590,X,X,X,0315-1315 DI:,0300-1300 NPV DELTA:,0315-1315 NPV CHARLIE:,0300-1300 NPV DELTA:,,Female,4x10,40,NPSV,,,,,,,,,,,,FT,-,-,-,-,FTFemaleNPSV
,,591,X,X,0300-1300 DI:,0300-1300 NPV DELTA:,0315-1315 NPV CHARLIE:,0315-1315 NPV CHARLIE:,X,,Female,4x10,40,NPSV,,,,,,,,,,,,FT,-,-,-,-,FTFemaleNPSV
,,592,X,0315-1315 DI:,0300-1300 NPV DELTA:,0315-1315 NPV CHARLIE:,0300-1300 NPV DELTA:,X,X,,Male,4x10,40,NPSV,,,,,,,,,,,,FT,-,-,-,-,FTMaleNPSV
,,593,0300-1300 DI:,0300-1300 NPV DELTA:,0315-1315 NPV CHARLIE:,0315-1315 NPV CHARLIE:,X,X,X,,Male,4x10,40,NPSV,,,,,,,,,,,,FT,-,-,-,-,FTMaleNPSV
,,594,0300-1300 NPV DELTA:,0315-1315 NPV CHARLIE:,0300-1300 NPV DELTA:,X,X,X,0315-1315 DI:,,Male,4x10,40,NPSV,,,,,,,,,,,,FT,-,-,-,-,FTMaleNPSV
,,595,0315-1315 NPV CHARLIE:,0315-1315 NPV CHARLIE:,X,X,X,0300-1300 DI:,0300-1300 NPV DELTA:,,Male,4x10,40,NPSV,,,,,,,,,,,,FT,-,-,-,-,FTMaleNPSV
,,596,0300-1300 NPV DELTA:,X,X,X,0315-1315 DI:,0300-1300 NPV DELTA:,0315-1315 NPV CHARLIE:,,Male,4x10,40,NPSV,,,,,,,,,,,,FT,-,-,-,-,FTMaleNPSV
,,597,X,X,X,0315-1315 DI:,0300-1300 NPV DELTA:,0315-1315 NPV CHARLIE:,0315-1315 NPV CHARLIE:,,Male,4x10,40,NPSV,,,,,,,,,,,,FT,-,-,-,-,FTMaleNPSV
,,598,X,X,0315-1315 DI:,0300-1300 NPV DELTA:,0315-1315 NPV CHARLIE:,0300-1300 NPV DELTA:,X,,Male,4x10,40,NPSV,,,,,,,,,,,,FT,-,-,-,-,FTMaleNPSV
,,599,0300-1300 NPV DELTA:,0315-1315 NPV CHARLIE:,0300-1300 NPV DELTA:,0315-1315 NPV CHARLIE:,X,X,X,,Mixed,4x10,40,NPSV,Wed - Week1 0315-1315 Charlie / Week2 0300-1300 DI,,,,,,,,,,,FT,-,-,-,-,FTMixedNPSV
,,600,X,X,X,0300-1300 DI:,0300-1300 NPV DELTA:,0315-1315 NPV CHARLIE:,0300-1300 NPV DELTA:,,Mixed,4x10,40,NPSV,Wed - Week1 0300-1300 DI / Week2 0315-1315 Charlie,,,,,,,,,,,FT,-,-,-,-,FTMixedNPSV
,,601,X,X,X,0315-1315 DI:,0315-1315 NPV CHARLIE:,0300-1300 NPV DELTA:,0315-1315 NPV CHARLIE:,,Mixed,4x10,40,NPSV,Wed - Week1 0315-1315 DI / Week2 0300-1300 Delta,,,,,,,,,,,FT,-,-,-,-,FTMixedNPSV
,,602,0315-1315 NPV CHARLIE:,0300-1300 NPV DELTA:,0315-1315 NPV CHARLIE:,0300-1300 NPV DELTA:,X,X,X,,Mixed,4x10,40,NPSV,Wed - Week1 0300-1300 Delta / Week2 0315-1315 DI,,,,,,,,,,,FT,-,-,-,-,FTMixedNPSV
,,603,X,1215-2215 DI:,1215-2215 NPV DELTA:,1300-2300 NPV CHARLIE:,1300-2300 NPV CHARLIE:,X,X,,Female,4x10,40,NPSV,,,,,,,,,,,,FT,-,-,-,-,FTFemaleNPSV
,,604,1300-2300 DI:,1215-2215 NPV DELTA:,1300-2300 NPV CHARLIE:,1215-2215 NPV DELTA:,X,X,X,,Female,4x10,40,NPSV,,,,,,,,,,,,FT,-,-,-,-,FTFemaleNPSV
,,605,1215-2215 NPV DELTA:,1300-2300 NPV CHARLIE:,1300-2300 NPV CHARLIE:,X,X,X,1215-2215 DI:,,Female,4x10,40,NPSV,,,,,,,,,,,,FT,-,-,-,-,FTFemaleNPSV
,,606,1300-2300 NPV CHARLIE:,1215-2215 NPV DELTA:,X,X,X,1215-2215 DI:,1215-2215 NPV DELTA:,,Female,4x10,40,NPSV,,,,,,,,,,,,FT,-,-,-,-,FTFemaleNPSV
,,607,1300-2300 NPV CHARLIE:,X,X,X,1215-2215 DI:,1215-2215 NPV DELTA:,1300-2300 NPV CHARLIE:,,Female,4x10,40,NPSV,,,,,,,,,,,,FT,-,-,-,-,FTFemaleNPSV
,,608,X,X,X,1300-2300 DI:,1215-2215 NPV DELTA:,1300-2300 NPV CHARLIE:,1215-2215 NPV DELTA:,,Female,4x10,40,NPSV,,,,,,,,,,,,FT,-,-,-,-,FTFemaleNPSV
,,609,X,X,1215-2215 DI:,1215-2215 NPV DELTA:,1300-2300 NPV CHARLIE:,1300-2300 NPV CHARLIE:,X,,Female,4x10,40,NPSV,,,,,,,,,,,,FT,-,-,-,-,FTFemaleNPSV
,,610,X,1300-2300 DI:,1215-2215 NPV DELTA:,1300-2300 NPV CHARLIE:,1215-2215 NPV DELTA:,X,X,,Male,4x10,40,NPSV,,,,,,,,,,,,FT,-,-,-,-,FTMaleNPSV
,,611,1215-2215 DI:,1215-2215 NPV DELTA:,1300-2300 NPV CHARLIE:,1300-2300 NPV CHARLIE:,X,X,X,,Male,4x10,40,NPSV,,,,,,,,,,,,FT,-,-,-,-,FTMaleNPSV
,,612,1215-2215 NPV DELTA:,1300-2300 NPV CHARLIE:,1215-2215 NPV DELTA:,X,X,X,1300-2300 DI:,,Male,4x10,40,NPSV,,,,,,,,,,,,FT,-,-,-,-,FTMaleNPSV
,,613,1300-2300 NPV CHARLIE:,1300-2300 NPV CHARLIE:,X,X,X,1215-2215 DI:,1215-2215 NPV DELTA:,,Male,4x10,40,NPSV,,,,,,,,,,,,FT,-,-,-,-,FTMaleNPSV
,,614,1215-2215 NPV DELTA:,X,X,X,1300-2300 DI:,1215-2215 NPV DELTA:,1300-2300 NPV CHARLIE:,,Male,4x10,40,NPSV,,,,,,,,,,,,FT,-,-,-,-,FTMaleNPSV
,,615,X,X,X,1215-2215 DI:,1215-2215 NPV DELTA:,1300-2300 NPV CHARLIE:,1300-2300 NPV CHARLIE:,,Male,4x10,40,NPSV,,,,,,,,,,,,FT,-,-,-,-,FTMaleNPSV
,,616,X,X,1300-2300 DI:,1215-2215 NPV DELTA:,1300-2300 NPV CHARLIE:,1215-2215 NPV DELTA:,X,,Male,4x10,40,NPSV,,,,,,,,,,,,FT,-,-,-,-,FTMaleNPSV
,,617,1300-2300 NPV CHARLIE:,1215-2215 DI:,X,X,1215-2215 NPV DELTA:,1300-2300 NPV CHARLIE:,X,,Mixed Rot,4x10,40,NPSV,,,,,,,,,,,,FT,-,-,-,-,FTMixed RotNPSV
,,618,X,1300-2300 NPV CHARLIE:,1215-2215 NPV DELTA:,1300-2300 NPV CHARLIE:,X,X,1215-2215 NPV DELTA:,,Mixed Rot,4x10,40,NPSV,,,,,,,,,,,,FT,-,-,-,-,FTMixed RotNPSV
,,619,1215-2215 NPV DELTA:,X,X,1300-2300 DI:,1300-2300 NPV CHARLIE:,1215-2215 NPV DELTA:,X,,Mixed Rot,4x10,40,NPSV,,,,,,,,,,,,FT,-,-,-,-,FTMixed RotNPSV
,,620,X,1215-2215 NPV DELTA:,1300-2300 NPV CHARLIE:,1215-2215 NPV DELTA:,X,X,1300-2300 NPV CHARLIE:,,Mixed Rot,4x10,40,NPSV,,,,,,,,,,,,FT,-,-,-,-,FTMixed RotNPSV
,,621,0430-1430 NPV ECHO:,0430-1430 DI:,0415-1415 NPV CHARLIE:,0430-1430 NPV ECHO:,X,X,X,,Mixed Rot,4x10,40,NPSV,,,,,,,,,,,,FT,-,-,-,-,FTMixed RotNPSV
,,622,X,X,X,0415-1415 NPV CHARLIE:,0430-1430 NPV ECHO:,0430-1430 NPV ECHO:,0430-1430 DI:,,Mixed Rot,4x10,40,NPSV,,,,,,,,,,,,FT,-,-,-,-,FTMixed RotNPSV
,,623,X,X,0430-1430 NPV ECHO:,0430-1430 DI:,X,0430-1430 NPV ECHO:,0415-1415 NPV CHARLIE:,,Mixed Rot,4x10,40,NPSV,,,,,,,,,,,,FT,-,-,-,-,FTMixed RotNPSV
,,624,0430-1430 DI:,0415-1415 NPV CHARLIE:,X,X,0430-1430 NPV ECHO:,X,0430-1430 NPV ECHO:,,Mixed Rot,4x10,40,NPSV,,,,,,,,,,,,FT,-,-,-,-,FTMixed RotNPSV
,,625,0415-1415 NPV CHARLIE:,0430-1430 NPV ECHO:,0430-1430 DI:,X,0430-1430 NPV ECHO:,X,X,,Mixed Rot,4x10,40,NPSV,,,,,,,,,,,,FT,-,-,-,-,FTMixed RotNPSV
,,626,0430-1430 NPV ECHO:,X,X,0430-1430 DI:,0415-1415 NPV CHARLIE:,0430-1430 NPV ECHO:,X,,Female,4x10,40,NPSV,,,,,,,,,,,,FT,-,-,-,-,FTFemaleNPSV
,,627,X,0430-1430 NPV ECHO:,0430-1430 NPV ECHO:,0430-1430 NPV ECHO:,X,X,0430-1430 NPV ECHO:,,Female,4x10,40,NPSV,,,,,,,,,,,,FT,-,-,-,-,FTFemaleNPSV
,,628,0430-1430 NPV ECHO:,0430-1430 NPV ECHO:,X,X,0430-1430 DI:,0415-1415 NPV CHARLIE:,X,,Male,4x10,40,NPSV,,,,,,,,,,,,FT,-,-,-,-,FTMaleNPSV
,,629,X,0430-1430 DI:,0430-1430 NPV ECHO:,0430-1430 NPV ECHO:,X,X,0430-1430 NPV ECHO:,,Male,4x10,40,NPSV,,,,,,,,,,,,FT,-,-,-,-,FTMaleNPSV
,,630,1345-2345 NPV ECHO:,1345-2345 DI:,1400-0000 NPV CHARLIE:,1345-2345 NPV ECHO:,X,X,X,,Mixed Rot,4x10,40,NPSV,,,,,,,,,,,,FT,-,-,-,-,FTMixed RotNPSV
,,631,X,X,X,1400-0000 NPV CHARLIE:,1345-2345 NPV ECHO:,1345-2345 NPV ECHO:,1345-2345 DI:,,Mixed Rot,4x10,40,NPSV,,,,,,,,,,,,FT,-,-,-,-,FTMixed RotNPSV
,,632,X,X,1345-2345 NPV ECHO:,1345-2345 DI:,X,1345-2345 NPV ECHO:,1400-0000 NPV CHARLIE:,,Mixed Rot,4x10,40,NPSV,,,,,,,,,,,,FT,-,-,-,-,FTMixed RotNPSV
,,633,1345-2345 DI:,1400-0000 NPV CHARLIE:,X,X,1345-2345 NPV ECHO:,X,1345-2345 NPV ECHO:,,Mixed Rot,4x10,40,NPSV,,,,,,,,,,,,FT,-,-,-,-,FTMixed RotNPSV
,,634,1400-0000 NPV CHARLIE:,1345-2345 NPV ECHO:,1345-2345 DI:,X,1345-2345 NPV ECHO:,X,X,,Mixed Rot,4x10,40,NPSV,,,,,,,,,,,,FT,-,-,-,-,FTMixed RotNPSV
,,635,1345-2345 NPV ECHO:,X,X,1345-2345 DI:,1400-0000 NPV CHARLIE:,1345-2345 NPV ECHO:,X,,Female,4x10,40,NPSV,,,,,,,,,,,,FT,-,-,-,-,FTFemaleNPSV
,,636,X,1345-2345 NPV ECHO:,1345-2345 NPV ECHO:,1345-2345 NPV ECHO:,X,X,1345-2345 NPV ECHO:,,Female,4x10,40,NPSV,,,,,,,,,,,,FT,-,-,-,-,FTFemaleNPSV
,,637,1345-2345 NPV ECHO:,1345-2345 NPV ECHO:,X,X,1345-2345 DI:,1400-0000 NPV CHARLIE:,X,,Male,4x10,40,NPSV,,,,,,,,,,,,FT,-,-,-,-,FTMaleNPSV
,,638,X,1345-2345 DI:,1345-2345 NPV ECHO:,1345-2345 NPV ECHO:,X,X,1345-2345 NPV ECHO:,,Male,4x10,40,NPSV,,,,,,,,,,,,FT,-,-,-,-,FTMaleNPSV
,,639,1915-0515 NPV ECHO:,1915-0515 DI:,1915-0515 NPV ECHO:,1915-0515 NPV ECHO:,X,X,X,,Mixed Rot,4x10,40,NPSV,**DI 1915-2330 / NPV ECHO 2330-0515,,,,,,,,,,,FT,-,-,-,-,FTMixed RotNPSV
,,640,X,X,X,1915-0515 NPV ECHO:,1915-0515 NPV ECHO:,1915-0515 NPV ECHO:,1915-0515 DI:,,Mixed Rot,4x10,40,NPSV,**DI 1915-2330 / NPV ECHO 2330-0515,,,,,,,,,,,FT,-,-,-,-,FTMixed RotNPSV
,,641,X,X,1915-0515 NPV ECHO:,1915-0515 DI:,X,1915-0515 NPV ECHO:,1915-0515 NPV ECHO:,,Mixed Rot,4x10,40,NPSV,**DI 1915-2330 / NPV ECHO 2330-0515,,,,,,,,,,,FT,-,-,-,-,FTMixed RotNPSV
,,642,1915-0515 DI:,1915-0515 NPV ECHO:,X,X,1915-0515 NPV ECHO:,X,1915-0515 NPV ECHO:,,Mixed Rot,4x10,40,NPSV,**DI 1915-2330 / NPV ECHO 2330-0515,,,,,,,,,,,FT,-,-,-,-,FTMixed RotNPSV
,,643,1915-0515 NPV ECHO:,1915-0515 NPV ECHO:,1915-0515 DI:,X,1915-0515 NPV ECHO:,X,X,,Mixed Rot,4x10,40,NPSV,**DI 1915-2330 / NPV ECHO 2330-0515,,,,,,,,,,,FT,-,-,-,-,FTMixed RotNPSV
,,644,1915-0515 NPV ECHO:,X,X,1915-0515 DI:,1915-0515 NPV ECHO:,1915-0515 NPV ECHO:,X,,Female,4x10,40,NPSV,**DI 1915-2330 / NPV ECHO 2330-0515,,,,,,,,,,,FT,-,-,-,-,FTFemaleNPSV
,,645,X,1915-0515 NPV ECHO:,1915-0515 NPV ECHO:,1915-0515 NPV ECHO:,X,X,1915-0515 NPV ECHO:,,Female,4x10,40,NPSV,**DI 1915-2330 / NPV ECHO 2330-0515,,,,,,,,,,,FT,-,-,-,-,FTFemaleNPSV
,,646,1915-0515 NPV ECHO:,1915-0515 NPV ECHO:,X,X,1915-0515 DI:,1915-0515 NPV ECHO:,X,,Male,4x10,40,NPSV,**DI 1915-2330 / NPV ECHO 2330-0515,,,,,,,,,,,FT,-,-,-,-,FTMaleNPSV
,,647,X,1915-0515 DI:,1915-0515 NPV ECHO:,1915-0515 NPV ECHO:,X,X,1915-0515 NPV ECHO:,,Male,4x10,40,NPSV,**DI 1915-2330 / NPV ECHO 2330-0515,,,,,,,,,,,FT,-,-,-,-,FTMaleNPSV
,,648,X,1730-0330 NPV CHARLIE:,1745-0345 NPV DELTA:,1730-0330 NPV CHARLIE:,1730-0330 DI:,X,X,,Female,4x10,40,NPSV,**DI 1730-2215 / NPV CHARLIE 2215-0330,,,,,,,,,,,FT,-,-,-,-,FTFemaleNPSV
,,649,1730-0330 NPV CHARLIE:,1745-0345 NPV DELTA:,1730-0330 NPV CHARLIE:,1730-0330 DI:,X,X,X,,Female,4x10,40,NPSV,**1730-0330 (DI 1730-2215 / CHARLIE 2215-0330) / 1745-0345 (DI 1745-2130 / 2130-0345 DELTA),,,,,,,,,,,FT,-,-,-,-,FTFemaleNPSV
,,650,1745-0345 NPV DELTA:,1730-0330 NPV CHARLIE:,1730-0330 DI:,X,X,X,1730-0330 NPV CHARLIE:,,Female,4x10,40,NPSV,**1730-0330 (DI 1730-2215 / CHARLIE 2215-0330) / 1745-0345 (DI 1745-2130 / 2130-0345 DELTA),,,,,,,,,,,FT,-,-,-,-,FTFemaleNPSV
,,651,1730-0330 NPV CHARLIE:,1730-0330 DI:,X,X,X,1730-0330 NPV CHARLIE:,1745-0345 NPV DELTA:,,Female,4x10,40,NPSV,**1730-0330 (DI 1730-2215 / CHARLIE 2215-0330) / 1745-0345 (DI 1745-2130 / 2130-0345 DELTA),,,,,,,,,,,FT,-,-,-,-,FTFemaleNPSV
,,652,1730-0330 DI:,X,X,X,1730-0330 NPV CHARLIE:,1745-0345 NPV DELTA:,1730-0330 NPV CHARLIE:,,Female,4x10,40,NPSV,**1730-0330 (DI 1730-2215 / CHARLIE 2215-0330) / 1745-0345 (DI 1745-2130 / 2130-0345 DELTA),,,,,,,,,,,FT,-,-,-,-,FTFemaleNPSV
,,653,X,X,X,1730-0330 NPV CHARLIE:,1745-0345 NPV DELTA:,1730-0330 NPV CHARLIE:,1730-0330 DI:,,Female,4x10,40,NPSV,**1730-0330 (DI 1730-2215 / CHARLIE 2215-0330) / 1745-0345 (DI 1745-2130 / 2130-0345 DELTA),,,,,,,,,,,FT,-,-,-,-,FTFemaleNPSV
,,654,X,X,1730-0330 NPV CHARLIE:,1745-0345 NPV DELTA:,1730-0330 NPV CHARLIE:,1730-0330 DI:,X,,Female,4x10,40,NPSV,**1730-0330 (DI 1730-2215 / CHARLIE 2215-0330) / 1745-0345 (DI 1745-2130 / 2130-0345 DELTA),,,,,,,,,,,FT,-,-,-,-,FTFemaleNPSV
,,655,X,1730-0330 NPV CHARLIE:,1745-0345 NPV DELTA:,1730-0330 NPV CHARLIE:,1730-0330 DI:,X,X,,Male,4x10,40,NPSV,**1730-0330 (DI 1730-2215 / CHARLIE 2215-0330) / 1745-0345 (DI 1745-2130 / 2130-0345 DELTA),,,,,,,,,,,FT,-,-,-,-,FTMaleNPSV
,,656,1730-0330 NPV CHARLIE:,1745-0345 NPV DELTA:,1730-0330 NPV CHARLIE:,1730-0330 DI:,X,X,X,,Male,4x10,40,NPSV,**1730-0330 (DI 1730-2215 / CHARLIE 2215-0330) / 1745-0345 (DI 1745-2130 / 2130-0345 DELTA),,,,,,,,,,,FT,-,-,-,-,FTMaleNPSV
,,657,1745-0345 NPV DELTA:,1730-0330 NPV CHARLIE:,1730-0330 DI:,X,X,X,1730-0330 NPV CHARLIE:,,Male,4x10,40,NPSV,**1730-0330 (DI 1730-2215 / CHARLIE 2215-0330) / 1745-0345 (DI 1745-2130 / 2130-0345 DELTA),,,,,,,,,,,FT,-,-,-,-,FTMaleNPSV
,,658,1730-0330 NPV CHARLIE:,1730-0330 DI:,X,X,X,1730-0330 NPV CHARLIE:,1745-0345 NPV DELTA:,,Male,4x10,40,NPSV,**1730-0330 (DI 1730-2215 / CHARLIE 2215-0330) / 1745-0345 (DI 1745-2130 / 2130-0345 DELTA),,,,,,,,,,,FT,-,-,-,-,FTMaleNPSV
,,659,1730-0330 DI:,X,X,X,1730-0330 NPV CHARLIE:,1745-0345 NPV DELTA:,1730-0330 NPV CHARLIE:,,Male,4x10,40,NPSV,**1730-0330 (DI 1730-2215 / CHARLIE 2215-0330) / 1745-0345 (DI 1745-2130 / 2130-0345 DELTA),,,,,,,,,,,FT,-,-,-,-,FTMaleNPSV
,,660,X,X,X,1730-0330 NPV CHARLIE:,1745-0345 NPV DELTA:,1730-0330 NPV CHARLIE:,1730-0330 DI:,,Male,4x10,40,NPSV,**1730-0330 (DI 1730-2215 / CHARLIE 2215-0330) / 1745-0345 (DI 1745-2130 / 2130-0345 DELTA),,,,,,,,,,,FT,-,-,-,-,FTMaleNPSV
,,661,X,X,1730-0330 NPV CHARLIE:,1745-0345 NPV DELTA:,1730-0330 NPV CHARLIE:,1730-0330 DI:,X,,Male,4x10,40,NPSV,**1730-0330 (DI 1730-2215 / CHARLIE 2215-0330) / 1745-0345 (DI 1745-2130 / 2130-0345 DELTA),,,,,,,,,,,FT,-,-,-,-,FTMaleNPSV
,,662,1745-0345 NPV DELTA:,1830-0430 NPV CHARLIE:,1830-0430 DI:,1745-0345 NPV DELTA:,X,X,X,,Mixed Rot,4x10,40,NPSV,**1745-0345 (DI 1745-2130 / 2130-0345 DELTA) / 1830-0430 (DI 1830-2315 / 2315-0345 CHARLIE),,,,,,,,,,,FT,-,-,-,-,FTMixed RotNPSV
,,663,X,X,X,1745-0345 NPV DELTA:,1830-0430 NPV CHARLIE:,1745-0345 NPV DELTA:,1830-0430 DI:,,Mixed Rot,4x10,40,NPSV,**1745-0345 (DI 1745-2130 / 2130-0345 DELTA) / 1830-0430 (DI 1830-2315 / 2315-0345 CHARLIE),,,,,,,,,,,FT,-,-,-,-,FTMixed RotNPSV
,,664,X,X,1830-0430 NPV CHARLIE:,1830-0430 DI:,X,1745-0345 NPV DELTA:,1830-0430 NPV CHARLIE:,,Mixed Rot,4x10,40,NPSV,**1745-0345 (DI 1745-2130 / 2130-0345 DELTA) / 1830-0430 (DI 1830-2315 / 2315-0345 CHARLIE),,,,,,,,,,,FT,-,-,-,-,FTMixed RotNPSV
,,665,1830-0430 DI:,1745-0345 NPV DELTA:,X,X,1830-0430 DI:,X,1830-0430 NPV CHARLIE:,,Mixed Rot,4x10,40,NPSV,**1745-0345 (DI 1745-2130 / 2130-0345 DELTA) / 1830-0430 (DI 1830-2315 / 2315-0345 CHARLIE),,,,,,,,,,,FT,-,-,-,-,FTMixed RotNPSV
,,666,1745-0345 NPV DELTA:,1830-0430 DI:,1830-0430 NPV CHARLIE:,X,1830-0430 NPV CHARLIE:,X,X,,Mixed Rot,4x10,40,NPSV,**1745-0345 (DI 1745-2130 / 2130-0345 DELTA) / 1830-0430 (DI 1830-2315 / 2315-0345 CHARLIE),,,,,,,,,,,FT,-,-,-,-,FTMixed RotNPSV
,,667,1830-0430 NPV CHARLIE:,X,X,1830-0430 NPV CHARLIE:,1745-0345 NPV DELTA:,1830-0430 NPV CHARLIE:,X,,Mixed Rot,4x10,40,NPSV,**1745-0345 (DI 1745-2130 / 2130-0345 DELTA) / 1830-0430 (DI 1830-2315 / 2315-0345 CHARLIE),,,,,,,,,,,FT,-,-,-,-,FTMixed RotNPSV
,,668,X,1745-0345 NPV DELTA:,1745-0345 NPV DELTA:,1830-0430 DI:,X,X,1745-0345 NPV DELTA:,,Mixed Rot,4x10,40,NPSV,**1745-0345 (DI 1745-2130 / 2130-0345 DELTA) / 1830-0430 (DI 1830-2315 / 2315-0345 CHARLIE),,,,,,,,,,,FT,-,-,-,-,FTMixed RotNPSV
,,669,1830-0430 NPV CHARLIE:,X,X,1830-0430 NPV CHARLIE:,1745-0345 NPV DELTA:,1830-0430 NPV CHARLIE:,X,,Mixed Rot,4x10,40,NPSV,**1745-0345 (DI 1745-2130 / 2130-0345 DELTA) / 1830-0430 (DI 1830-2315 / 2315-0345 CHARLIE),,,,,,,,,,,FT,-,-,-,-,FTMixed RotNPSV
,,670,X,1830-0430 NPV CHARLIE:,1745-0345 NPV DELTA:,1830-0430 DI:,X,X,1745-0345 NPV DELTA:,,Mixed Rot,4x10,40,NPSV,**1745-0345 (DI 1745-2130 / 2130-0345 DELTA) / 1830-0430 (DI 1830-2315 / 2315-0345 CHARLIE),,,,,,,,,,,FT,-,-,-,-,FTMixed RotNPSV
,,671,X,0415-1415 DI:,0415-1415 NPV CHARLIE:,0430-1430 NPV ECHO:,0415-1415 NPV CHARLIE:,X,X,,Mixed,4x10,40,NPSV,,,,,,,,,,,,FT,-,-,-,-,FTMixedNPSV
,,672,X,0415-1415 NPV CHARLIE:,0430-1430 NPV ECHO:,0415-1415 NPV CHARLIE:,0415-1415 DI:,X,X,,Mixed,4x10,40,NPSV,,,,,,,,,,,,FT,-,-,-,-,FTMixedNPSV
,,673,0415-1415 NPV CHARLIE:,0430-1430 NPV ECHO:,0415-1415 NPV CHARLIE:,X,X,X,0415-1415 DI:,,Mixed,4x10,40,NPSV,,,,,,,,,,,,FT,-,-,-,-,FTMixedNPSV
,,674,0430-1430 NPV ECHO:,0415-1415 NPV CHARLIE:,X,X,X,0415-1415 DI:,0415-1415 NPV CHARLIE:,,Mixed,4x10,40,NPSV,,,,,,,,,,,,FT,-,-,-,-,FTMixedNPSV
,,675,0415-1415 NPV CHARLIE:,X,X,X,0415-1415 DI:,0415-1415 NPV CHARLIE:,0430-1430 NPV ECHO:,,Mixed,4x10,40,NPSV,,,,,,,,,,,,FT,-,-,-,-,FTMixedNPSV
,,676,X,X,X,0415-1415 DI:,0415-1415 NPV CHARLIE:,0430-1430 NPV ECHO:,0415-1415 NPV CHARLIE:,,Mixed,4x10,40,NPSV,,,,,,,,,,,,FT,-,-,-,-,FTMixedNPSV
,,677,X,X,0415-1415 DI:,0415-1415 NPV CHARLIE:,0430-1430 NPV ECHO:,0415-1415 NPV CHARLIE:,X,,Mixed,4x10,40,NPSV,,,,,,,,,,,,FT,-,-,-,-,FTMixedNPSV
,,678,X,1400-0000 DI:,1400-0000 NPV CHARLIE:,1345-2345 NPV ECHO:,1400-0000 NPV CHARLIE:,X,X,,Mixed,4x10,40,NPSV,,,,,,,,,,,,FT,-,-,-,-,FTMixedNPSV
,,679,1400-0000 DI:,1400-0000 NPV CHARLIE:,1345-2345 NPV ECHO:,1400-0000 NPV CHARLIE:,X,X,X,,Mixed,4x10,40,NPSV,,,,,,,,,,,,FT,-,-,-,-,FTMixedNPSV
,,680,1400-0000 NPV CHARLIE:,1345-2345 NPV ECHO:,1400-0000 NPV CHARLIE:,X,X,X,1400-0000 DI:,,Mixed,4x10,40,NPSV,,,,,,,,,,,,FT,-,-,-,-,FTMixedNPSV
,,681,1345-2345 NPV ECHO:,1400-0000 NPV CHARLIE:,X,X,X,1400-0000 DI:,1400-0000 NPV CHARLIE:,,Mixed,4x10,40,NPSV,,,,,,,,,,,,FT,-,-,-,-,FTMixedNPSV
,,682,1400-0000 NPV CHARLIE:,X,X,X,1400-0000 DI:,1400-0000 NPV CHARLIE:,1345-2345 NPV ECHO:,,Mixed,4x10,40,NPSV,,,,,,,,,,,,FT,-,-,-,-,FTMixedNPSV
,,683,X,X,X,1400-0000 DI:,1400-0000 NPV CHARLIE:,1345-2345 NPV ECHO:,1400-0000 NPV CHARLIE:,,Mixed,4x10,40,NPSV,,,,,,,,,,,,FT,-,-,-,-,FTMixedNPSV
,,684,X,X,1400-0000 DI:,1400-0000 NPV CHARLIE:,1345-2345 NPV ECHO:,1400-0000 NPV CHARLIE:,X,,Mixed,4x10,40,NPSV,,,,,,,,,,,,FT,-,-,-,-,FTMixedNPSV
,,685,0400-1000 DI:,X,X,X,0400-1000 NPV CHARLIE:,0400-1000 NPV CHARLIE:,0400-1000 NPV CHARLIE:,,Mixed,4x6,24,NPSV,,,,,,,,,,,,PT,-,-,-,-,PTMixedNPSV
,,686,0400-1000 DI:,X,X,X,0400-1000 NPV CHARLIE:,0400-1000 NPV CHARLIE:,0400-1000 NPV CHARLIE:,,Mixed,4x6,24,NPSV,,,,,,,,,,,,PT,-,-,-,-,PTMixedNPSV
,,687,0400-1000 DI:,0400-1000 NPV CHARLIE:,0400-1000 NPV CHARLIE:,0400-1000 NPV CHARLIE:,X,X,X,,Female,4x6,24,NPSV,Any one can bid but must pass the NPSV to keep this line,,,,,,,,,,,PT,-,-,-,-,PTFemaleNPSV
,,688,0400-1000 NPV CHARLIE:,0400-1000 DI:,0400-1000 DI:,0400-1000 NPV CHARLIE:,X,X,X,,Female,4x6,24,NPSV,Any one can bid but must pass the NPSV to keep this line,,,,,,,,,,,,,,,,
,,689,0400-1000 NPV CHARLIE:,0400-1000 NPV CHARLIE:,0400-1000 NPV CHARLIE:,0400-1000 DI:,X,X,X,,Mixed,4x6,24,NPSV,,,,,,,,,,,,,,,,,
,,690,X,X,X,0430-1430 DI:,0430-1430 NPV CHARLIE:,0430-1430 NPV CHARLIE:,0430-1430 NPV CHARLIE:,,Mixed,4x10,40,NPSV,Line 2 Inside - 0430-1030 in NPSV C then 1030-1430,,,,,,,,,,,,,,,,
,,691,0430-1430 NPV CHARLIE:,X,X,X,0430-1430 DI:,0430-1430 NPV CHARLIE:,0430-1430 NPV CHARLIE:,,Mixed,4x10,40,NPSV,Line 2 Inside - 0430-1030 in NPSV C then 1030-1430,,,,,,,,,,,,,,,,
,,692,0430-1430 NPV CHARLIE:,X,X,X,0430-1430 NPV CHARLIE:,0430-1430 DI:,0430-1430 DI:,,Mixed,4x10,40,NPSV,Line 2 Inside - 0430-1030 in NPSV C then 1030-1430,,,,,,,,,,,,,,,,
,,693,0430-1430 DI:,0430-1430 NPV CHARLIE:,0430-1430 NPV CHARLIE:,0430-1430 NPV CHARLIE:,X,X,X,,Mixed,4x10,40,NPSV,Line 2 Inside - 0430-1030 in NPSV C then 1030-1430,,,,,,,,,,,,,,,,
,,694,0430-1430 DI:,0430-1430 NPV CHARLIE:,0430-1430 NPV CHARLIE:,0430-1430 NPV CHARLIE:,X,X,X,,Mixed,4x10,40,NPSV,Line 2 Inside - 0430-1030 in NPSV C then 1030-1430,,,,,,,,,,,,,,,,
,,695,X,X,X,1200-1800 DI:,1200-1800 NPV CHARLIE:,1200-1800 NPV CHARLIE:,1200-1800 NPV CHARLIE:,,Female,4x6,24,NPSV,Line 2 Inside,,,,,,,,,,,,,,,,
,,696,1200-2200 NPV CHARLIE:,X,X,X,1200-2200 DI:,1200-2200 NPV CHARLIE:,1200-2200 NPV CHARLIE:,,Mixed,4x10,40,NPSV,Line 2 Inside- 1200- 1800 in NPSV C then 1800 -2200 in ID,,,,,,,,,,,,,,,,
,,697,1200-2200 NPV CHARLIE:,X,X,X,1200-2200 NPV CHARLIE:,1200-2200 DI:,1200-2200 DI:,,Mixed,4x10,40,NPSV,Line 2 Inside- 1200- 1800 in NPSV C then 1800 -2200 in ID,,,,,,,,,,,,,,,,
,,698,1200-2200 DI:,1200-2200 NPV CHARLIE:,1200-2200 NPV CHARLIE:,1200-2200 NPV CHARLIE:,X,X,X,,Mixed,4x10,40,NPSV,Line 2 Inside- 1200- 1800 in NPSV C then 1800 -2200 in ID,,,,,,,,,,,,,,,,
,,699,1200-2200 DI:,1200-2200 NPV CHARLIE:,1200-2200 NPV CHARLIE:,1200-2200 NPV CHARLIE:,X,X,X,,Mixed,4x10,40,NPSV,Line 2 Inside- 1200- 1800 in NPSV C then 1800 -2200 in ID,,,,,,,,,,,,,,,,
,,700,0430-1030 DI:,X,X,X,0430-1030 NPV CHARLIE:,0430-1030 NPV CHARLIE:,0430-1030 NPV CHARLIE:,,Mixed,4x6,24,NPSV,Addition - Lane 4 outside,,,,,,,,,,,,,,,,
,,701,0430-1030 NPV CHARLIE:,0430-1030 NPV CHARLIE:,0430-1030 NPV CHARLIE:,0430-1030 NPV CHARLIE:,X,X,X,,Mixed,4x6,24,NPSV,Addition - Lane 4 outside,,,,,,,,,,,PT,-,-,-,-,PTMixedNPSV
,,702,1200-1800 DI:,X,X,X,1200-1800 NPV CHARLIE:,1200-1800 NPV CHARLIE:,1200-1800 NPV CHARLIE:,,Mixed,4x6,24,NPSV,Addition - Lane 4 outside,,,,,,,,,,,PT,-,-,-,-,PTMixedNPSV
,,703,1200-1800 NPV CHARLIE:,1200-1800 NPV CHARLIE:,1200-1800 NPV CHARLIE:,1200-1800 NPV CHARLIE:,X,X,X,,Mixed,4x6,24,NPSV,Addition - Lane 4 outside,,,,,,,,,,,PT,-,-,-,-,PTMixedNPSV
,,704,0130-1130 CTX CTRL ROOM,X,X,X,0130-1130 CTX CTRL ROOM,0130-1130 CTX CTRL ROOM,0130-1130 CTX CTRL ROOM,,,4x10,40,HBS,Thur- fri - start 2 hours PBS,,,,,,,,,,,FT,-,-,-,-,FTHBS
,,705,0130-1130 CTX CTRL ROOM,X,X,X,0130-1130 CTX CTRL ROOM,0130-1130 CTX CTRL ROOM,0130-1130 CTX CTRL ROOM,,,4x10,40,HBS,Sun- sat - start 2 hours PBS,,,,,,,,,,,FT,-,-,-,-,FTHBS
,,706,X,0130-1130 CTX CTRL ROOM,0130-1130 CTX CTRL ROOM,0130-1130 CTX CTRL ROOM,0130-1130 CTX CTRL ROOM,X,X,,,4x10,40,HBS,Mon- Tue - start 2 hours PBS,,,,,,,,,,,FT,-,-,-,-,FTHBS
,,707,X,0130-1130 CTX CTRL ROOM,0130-1130 CTX CTRL ROOM,0130-1130 CTX CTRL ROOM,0130-1130 CTX CTRL ROOM,X,X,,,4x10,40,HBS,Wed- thur - start 2 hours PBS,,,,,,,,,,,FT,-,-,-,-,FTHBS
,,708,X,X,0130-1130 CTX CTRL ROOM,0130-1130 CTX CTRL ROOM,0130-1130 CTX CTRL ROOM,0130-1130 CTX CTRL ROOM,X,,,4x10,40,HBS,Fri - half PBS ID  1:30-6:30 /half CTX ROOM   6:30-11:30,,,,,,,,,,,FT,-,-,-,-,FTHBS
,,709,0200-1200 CTX CTRL ROOM,0200-1200 CTX CTRL ROOM,0200-1200 CTX CTRL ROOM,0200-1200 CTX CTRL ROOM,X,X,X,,,4x10,40,HBS,Wed - half CTX ROOM  2:00-7:00 /half PBS ID  7:00-12:00,,,,,,,,,,,FT,-,-,-,-,FTHBS
,,710,X,X,X,0200-1200 CTX CTRL ROOM,0200-1200 CTX CTRL ROOM,0200-1200 CTX CTRL ROOM,0200-1200 CTX CTRL ROOM,,,4x10,40,HBS,Wed - half PBS ID  2:00-7:00 /half CTX ROOM   7:00-12:00,,,,,,,,,,,FT,-,-,-,-,FTHBS
,,711,0230-1230 CTX CTRL ROOM,0230-1230 CTX CTRL ROOM,X,X,X,0230-1230 CTX CTRL ROOM,0230-1230 CTX CTRL ROOM,,,4x10,40,HBS,Fri - half CTX ROOM  2:30-7:30 /half PBS ID  7:30-12:30,,,,,,,,,,,FT,-,-,-,-,FTHBS
,,712,0230-1230 CTX CTRL ROOM,0230-1230 CTX CTRL ROOM,X,X,X,0230-1230 CTX CTRL ROOM,0230-1230 CTX CTRL ROOM,,,4x10,40,HBS,Mon - half CTX ROOM  2:30-7:30 /half PBS ID  7:30-12:30,,,,,,,,,,,FT,-,-,-,-,FTHBS
,,713,X,0230-1230 CTX CTRL ROOM,0230-1230 CTX CTRL ROOM,0230-1230 CTX CTRL ROOM,0230-1230 CTX CTRL ROOM,X,X,,,4x10,40,HBS,Mon - half PBS ID  2:30-7:30 /half CTX ROOM   7:30-12:30,,,,,,,,,,,FT,-,-,-,-,FTHBS
,,714,X,0230-1230 CTX CTRL ROOM,0230-1230 CTX CTRL ROOM,0230-1230 CTX CTRL ROOM,0230-1230 CTX CTRL ROOM,X,X,,,4x10,40,HBS,Mon - half PBS ID  2:30-7:30 /half CTX ROOM   7:30-12:30,,,,,,,,,,,FT,-,-,-,-,FTHBS
,,715,0230-1230 CTX CTRL ROOM,X,X,X,0230-1230 CTX CTRL ROOM,0230-1230 CTX CTRL ROOM,0230-1230 CTX CTRL ROOM,,,4x10,40,HBS,Thur - half CTX ROOM  2:30-7:30 /half PBS ID  7:30-12:30,,,,,,,,,,,FT,-,-,-,-,FTHBS
,,716,X,0230-1230 CTX CTRL ROOM,0230-1230 CTX CTRL ROOM,0230-1230 CTX CTRL ROOM,0230-1230 CTX CTRL ROOM,X,X,,,4x10,40,HBS,Thur - half PBS ID  2:30-7:30 /half CTX ROOM   7:30-12:30,,,,,,,,,,,FT,-,-,-,-,FTHBS
,,717,X,0300-1300 CTX CTRL ROOM,0300-1300 CTX CTRL ROOM,0300-1300 CTX CTRL ROOM,0300-1300 CTX CTRL ROOM,X,X,,,4x10,40,HBS,Mon - half PBS ID  3:00-8:00 / half CTX ROOM 8:00-13:00,,,,,,,,,,,FT,-,-,-,-,FTHBS
,,718,0300-1300 CTX CTRL ROOM,0300-1300 CTX CTRL ROOM,X,X,X,0300-1300 CTX CTRL ROOM,0300-1300 CTX CTRL ROOM,,,4x10,40,HBS,Mon - half CTX ROOM  3:00-8:00 /half PBS ID  8:00-13:00,,,,,,,,,,,FT,-,-,-,-,FTHBS
,,719,0300-1300 CTX CTRL ROOM,0300-1300 CTX CTRL ROOM,X,X,X,0300-1300 CTX CTRL ROOM,0300-1300 CTX CTRL ROOM,,,4x10,40,HBS,Mon - half CTX ROOM  3:00-8:00 /half PBS ID  8:00-13:00,,,,,,,,,,,FT,-,-,-,-,FTHBS
,,720,X,X,X,0300-1300 CTX CTRL ROOM,0300-1300 CTX CTRL ROOM,0300-1300 CTX CTRL ROOM,0300-1300 CTX CTRL ROOM,,,4x10,40,HBS,Wed - half PBS ID  3:00-8:00 / half CTX ROOM 8:00-13:00,,,,,,,,,,,FT,-,-,-,-,FTHBS
,,721,0300-1300 CTX CTRL ROOM,0300-1300 CTX CTRL ROOM,0300-1300 CTX CTRL ROOM,0300-1300 CTX CTRL ROOM,X,X,X,,,4x10,40,HBS,Wed - half CTX ROOM  3:00-8:00 /half PBS ID  8:00-13:00,,,,,,,,,,,FT,-,-,-,-,FTHBS
,,722,0330-1330 CTX CTRL ROOM,X,X,X,0330-1330 CTX CTRL ROOM,0330-1330 CTX CTRL ROOM,0330-1330 CTX CTRL ROOM,,,4x10,40,HBS,Thur - half CTX ROOM  3:30-8:30 /half PBS ID  8:30-13:30,,,,,,,,,,,FT,-,-,-,-,FTHBS
,,723,X,0330-1330 CTX CTRL ROOM,0330-1330 CTX CTRL ROOM,0330-1330 CTX CTRL ROOM,0330-1330 CTX CTRL ROOM,X,X,,,4x10,40,HBS,Thur - half PBS ID  3:30-8:30 /half CTX ROOM   8:30-13:30,,,,,,,,,,,FT,-,-,-,-,FTHBS
,,724,0330-1330 CTX CTRL ROOM,0330-1330 CTX CTRL ROOM,X,X,X,0330-1330 CTX CTRL ROOM,0330-1330 CTX CTRL ROOM,,,4x10,40,HBS,Fri - half PBS ID  3:30-8:30 /half CTX ROOM   8:30-13:30,,,,,,,,,,,FT,-,-,-,-,FTHBS
,,725,0330-1330 CTX CTRL ROOM,0330-1330 CTX CTRL ROOM,0330-1330 CTX CTRL ROOM,X,X,X,0330-1330 CTX CTRL ROOM,,,4x10,40,HBS,Mar - half CTX ROOM  3:30-8:30 /half PBS ID  8:30-13:30,,,,,,,,,,,FT,-,-,-,-,FTHBS
,,726,X,X,0330-1330 CTX CTRL ROOM,0330-1330 CTX CTRL ROOM,0330-1330 CTX CTRL ROOM,0330-1330 CTX CTRL ROOM,X,,,4x10,40,HBS,Mar - half PBS ID  3:30-8:30 /half CTX ROOM   8:30-13:30,,,,,,,,,,,FT,-,-,-,-,FTHBS
,,727,X,X,0330-1330 CTX CTRL ROOM,0330-1330 CTX CTRL ROOM,0330-1330 CTX CTRL ROOM,0330-1330 CTX CTRL ROOM,X,,,4x10,40,HBS,Thur - half PBS ID  3:30-8:30 /half CTX ROOM   8:30-13:30,,,,,,,,,,,FT,-,-,-,-,FTHBS
,,728,X,0330-1330 CTX CTRL ROOM,0330-1330 CTX CTRL ROOM,0330-1330 CTX CTRL ROOM,0330-1330 CTX CTRL ROOM,X,X,,,4x10,40,HBS,Thur - half CTX ROOM  3:30-8:30 /half PBS ID  8:30-13:30,,,,,,,,,,,FT,-,-,-,-,FTHBS
,,729,X,X,0400-1400 CTX CTRL ROOM,0400-1400 CTX CTRL ROOM,0400-1400 CTX CTRL ROOM,0400-1400 CTX CTRL ROOM,X,,,4x10,40,HBS,Fri - half CTX ROOM  4:00-9:00 /half PBS ID  9:00-14:00,,,,,,,,,,,FT,-,-,-,-,FTHBS
,,730,0300-1100 CTX CTRL ROOM,0300-1100 DI:,X,X,0300-1100 CTX CTRL ROOM,0300-1100 CTX CTRL ROOM,0300-1100 CTX CTRL ROOM,,,5x8,40,HBS,,,,,,,,,,,,FT,-,-,-,-,FTHBS
,,731,X,0230-1030 DI:,0230-1030 CTX CTRL ROOM,0230-1030 CTX CTRL ROOM,0230-1030 CTX CTRL ROOM,0230-1030 CTX CTRL ROOM,X,,,5x8,40,HBS,,,,,,,,,,,,FT,-,-,-,-,FTHBS
,,732,X,0300-1100 CTX CTRL ROOM,0300-1100 CTX CTRL ROOM,0300-1100 CTX CTRL ROOM,0300-1100 DI:,0300-1100 CTX CTRL ROOM,X,,,5x8,40,HBS,,,,,,,,,,,,FT,-,-,-,-,FTHBS
,,733,X,0500-1300 CTX CTRL ROOM,0500-1300 CTX CTRL ROOM,0500-1300 CTX CTRL ROOM,0500-1300 DI:,0500-1300 CTX CTRL ROOM,X,,,5x8,40,HBS,,,,,,,,,,,,FT,-,-,-,-,FTHBS
,,734,0130-1130 CTX CTRL ROOM,X,X,X,X,X,0130-1130 CTX CTRL ROOM,,,2x10,20,HBS,Sun- sat - start 2 hours PBS,,,,,,,,,,,PT,-,-,-,-,PTHBS
,,735,0130-1130 CTX CTRL ROOM,X,X,X,X,X,0130-1130 CTX CTRL ROOM,,,2x10,20,HBS,Sun- sat - start 2 hours PBS,,,,,,,,,,,PT,-,-,-,-,PTHBS
,,736,0230-1030 CTX CTRL ROOM,0230-1030 TB:,X,X,X,X,0230-1030 CTX CTRL ROOM,,,3x8,24,HBS,,,,,,,,,,,,PT,-,-,-,-,PTHBS
,,737,0230-1030 CTX CTRL ROOM,X,X,X,X,0230-1030 TB:,0230-1030 CTX CTRL ROOM,,,3x8,24,HBS,,,,,,,,,,,,PT,-,-,-,-,PTHBS
,,738,X,X,1030-2030 CTX CTRL ROOM,1030-2030 CTX CTRL ROOM,1030-2030 CTX CTRL ROOM,1030-2030 CTX CTRL ROOM,X,,,4x10,40,HBS,Friday-1030-1530 CTX CTRL ROOM /1530-2030 PBS,,,,,,,,,,,FT,-,-,-,-,FTHBS
,,739,1030-2030 CTX CTRL ROOM,1030-2030 CTX CTRL ROOM,X,X,X,1030-2030 CTX CTRL ROOM,1030-2030 CTX CTRL ROOM,,,4x10,40,HBS,Friday -1030-1530 PBS/1530-2030 CTX CTRL ROOM,,,,,,,,,,,FT,-,-,-,-,FTHBS
,,740,X,1030-2030 CTX CTRL ROOM,1030-2030 CTX CTRL ROOM,1030-2030 CTX CTRL ROOM,1030-2030 CTX CTRL ROOM,X,X,,,4x10,40,HBS,Wednesday -1030-1530 CTX CTRL ROOM /1530-2030 PBS,,,,,,,,,,,FT,-,-,-,-,FTHBS
,,741,1030-2030 CTX CTRL ROOM,1030-2030 CTX CTRL ROOM,1030-2030 CTX CTRL ROOM,1030-2030 CTX CTRL ROOM,X,X,X,,,4x10,40,HBS,Wednesday -1030-1530 PBS/1530-2030CTX CTRL ROOM,,,,,,,,,,,FT,-,-,-,-,FTHBS
,,742,1030-2030 CTX CTRL ROOM,1030-2030 CTX CTRL ROOM,1030-2030 CTX CTRL ROOM,X,X,X,1030-2030 CTX CTRL ROOM,,,4x10,40,HBS,Tuesday -1030-1530 CTX CTRL ROOM /1530-2030 PBS,,,,,,,,,,,FT,-,-,-,-,FTHBS
,,743,X,1100-2100 CTX CTRL ROOM,1100-2100 CTX CTRL ROOM,1100-2100 CTX CTRL ROOM,1100-2100 CTX CTRL ROOM,X,X,,,4x10,40,HBS,Monday -1100-1600 CTX CTRL ROOM/1600-2100 PBS,,,,,,,,,,,FT,-,-,-,-,FTHBS
,,744,1100-2100 CTX CTRL ROOM,1100-2100 CTX CTRL ROOM,X,X,X,1100-2100 CTX CTRL ROOM,1100-2100 CTX CTRL ROOM,,,4x10,40,HBS,Monday -1100-1600 PBS/1600-2100 CTX CTRL ROOM,,,,,,,,,,,FT,-,-,-,-,FTHBS
,,745,1100-2100 CTX CTRL ROOM,X,X,X,1100-2100 CTX CTRL ROOM,1100-2100 CTX CTRL ROOM,1100-2100 CTX CTRL ROOM,,,4x10,40,HBS,Thursday -1100-1600 CTX CTRL ROOM/1600-2100 PBS,,,,,,,,,,,FT,-,-,-,-,FTHBS
,,746,X,X,X,1100-2100 CTX CTRL ROOM,1100-2100 CTX CTRL ROOM,1100-2100 CTX CTRL ROOM,1100-2100 CTX CTRL ROOM,,,4x10,40,HBS,Wednesday -1100-1600 CTX CTRL ROOM/1600-2100 PBS,,,,,,,,,,,FT,-,-,-,-,FTHBS
,,747,X,X,X,1130-2130 CTX CTRL ROOM,1130-2130 CTX CTRL ROOM,1130-2130 CTX CTRL ROOM,1130-2130 CTX CTRL ROOM,,,4x10,40,HBS,Wednesday -1130-1630 PBS/1630-2130 CTX CTRL ROOM,,,,,,,,,,,FT,-,-,-,-,FTHBS
,,748,X,X,1130-2130 CTX CTRL ROOM,1130-2130 CTX CTRL ROOM,1130-2130 CTX CTRL ROOM,1130-2130 CTX CTRL ROOM,X,,,4x10,40,HBS,Tuesday - 1130-1630 CTX CTRL ROOM/1630-2130 PBS,,,,,,,,,,,FT,-,-,-,-,FTHBS
,,749,1130-2130 CTX CTRL ROOM,1130-2130 CTX CTRL ROOM,1130-2130 CTX CTRL ROOM,1130-2130 CTX CTRL ROOM,X,X,X,,,4x10,40,HBS,Tuesday -1130-1630 PBS/1630-2130 CTX CTRL ROOM,,,,,,,,,,,FT,-,-,-,-,FTHBS
,,750,X,1130-2130 CTX CTRL ROOM,1130-2130 CTX CTRL ROOM,1130-2130 CTX CTRL ROOM,1130-2130 CTX CTRL ROOM,X,X,,,4x10,40,HBS,Thursday -1130-1630 CTX CTRL ROOM/1630-2130 PBS,,,,,,,,,,,FT,-,-,-,-,FTHBS
,,751,X,X,X,1200-2200 CTX CTRL ROOM,1200-2200 CTX CTRL ROOM,1200-2200 CTX CTRL ROOM,1200-2200 CTX CTRL ROOM,,,4x10,40,HBS,Thursday -1200-1700 PBS/1700-2200 CTX CTRL ROOM,,,,,,,,,,,FT,-,-,-,-,FTHBS
,,752,1200-2200 CTX CTRL ROOM,1200-2200 CTX CTRL ROOM,X,X,X,1200-2200 CTX CTRL ROOM,1200-2200 CTX CTRL ROOM,,,4x10,40,HBS,Monday -1200-1700  CTX CTRL ROOM/1700-2200 PBS,,,,,,,,,,,FT,-,-,-,-,FTHBS
,,753,X,X,1200-2200 CTX CTRL ROOM,1200-2200 CTX CTRL ROOM,1200-2200 CTX CTRL ROOM,1200-2200 CTX CTRL ROOM,X,,,4x10,40,HBS,Wed -1200-1700  CTX CTRL ROOM/1700-2200 PBS,,,,,,,,,,,FT,-,-,-,-,FTHBS
,,754,X,1200-2200 CTX CTRL ROOM,1200-2200 CTX CTRL ROOM,1200-2200 CTX CTRL ROOM,1200-2200 CTX CTRL ROOM,X,X,,,4x10,40,HBS,Tuesday -1200-1700 PBS/1700-2200 CTX CTRL ROOM,,,,,,,,,,,FT,-,-,-,-,FTHBS
,,755,1230-2230 CTX   CTRL ROOM,1230-2230 CTX   CTRL ROOM,1230-2230 CTX   CTRL ROOM,X,X,X,1230-2230 CTX   CTRL ROOM,,,4x10,40,HBS,Tuesday-1230-1730  PBS/1730-2230 CTX CTRL ROOM,,,,,,,,,,,FT,-,-,-,-,FTHBS
,,756,X,X,1230-2230 CTX   CTRL ROOM,1230-2230 CTX   CTRL ROOM,1230-2230 CTX   CTRL ROOM,1230-2230 CTX   CTRL ROOM,X,,,4x10,40,HBS,Tuesday -1230-1730  CTX CTRL ROOM/1730-2230 PBS,,,,,,,,,,,FT,-,-,-,-,FTHBS
,,757,1230-2230 CTX   CTRL ROOM,X,X,X,1230-2230 CTX   CTRL ROOM,1230-2230 CTX   CTRL ROOM,1230-2230 CTX   CTRL ROOM,,,4x10,40,HBS,Friday -1230-1730 PBS /1730-2230 CTX CTRL ROOM,,,,,,,,,,,FT,-,-,-,-,FTHBS
,,758,1230-2230 CTX   CTRL ROOM,1230-2230 CTX   CTRL ROOM,X,X,X,1230-2230 CTX   CTRL ROOM,1230-2230 CTX   CTRL ROOM,,,4x10,40,HBS,Friday -1230-1730  CTX CTRL ROOM/1730-2230 PBS,,,,,,,,,,,FT,-,-,-,-,FTHBS
,,759,X,1300-2300 CTX       CTRL ROOM,1300-2300 CTX       CTRL ROOM,1300-2300 CTX       CTRL ROOM,1300-2300 CTX       CTRL ROOM,X,X,,,4x10,40,HBS,Thursday -1300-1800 CTX CTRL ROOM/1800-2300 PBS,,,,,,,,,,,FT,-,-,-,-,FTHBS
,,760,1300-2300 CTX       CTRL ROOM,X,X,X,1300-2300 CTX       CTRL ROOM,1300-2300 CTX       CTRL ROOM,1300-2300 CTX       CTRL ROOM,,,4x10,40,HBS,Thursday -1300-1800 PBS/1800-2300  CTX CTRL ROOM,,,,,,,,,,,FT,-,-,-,-,FTHBS
,,761,1300-2300 CTX       CTRL ROOM,1300-2300 CTX       CTRL ROOM,1300-2300 CTX       CTRL ROOM,1300-2300 CTX       CTRL ROOM,X,X,X,,,4x10,40,HBS,Tuesday-1300-1800 CTX CTRL ROOM/1800-2300 PBS,,,,,,,,,,,FT,-,-,-,-,FTHBS
,,762,1300-2300 CTX       CTRL ROOM,1300-2300 CTX       CTRL ROOM,X,X,X,1300-2300 CTX       CTRL ROOM,1300-2300 CTX       CTRL ROOM,,,4x10,40,HBS,Monday -1300-1800 PBS/1800-2300  CTX CTRL ROOM,,,,,,,,,,,FT,-,-,-,-,FTHBS
,,763,X,1330-2330 CTX   CTRL ROOM,1330-2330 CTX   CTRL ROOM,1330-2330 CTX   CTRL ROOM,1330-2330 CTX   CTRL ROOM,X,X,,,4x10,40,HBS,Thursday -1330-1830 CTX CTRL ROOM/1830-2330 PBS,,,,,,,,,,,FT,-,-,-,-,FTHBS
,,764,1330-2330 CTX   CTRL ROOM,X,X,X,1330-2330 CTX   CTRL ROOM,1330-2330 CTX   CTRL ROOM,1330-2330 CTX   CTRL ROOM,,,4x10,40,HBS,Thursday -1330-1830 PBS/1830-2330 CTX CTRL ROOM,,,,,,,,,,,FT,-,-,-,-,FTHBS
,,765,X,1330-2330 CTX   CTRL ROOM,1330-2330 CTX   CTRL ROOM,1330-2330 CTX   CTRL ROOM,1330-2330 CTX   CTRL ROOM,X,X,,,4x10,40,HBS,Wednesday -1330-1830 PBS/1830-2330 CTX CTRL ROOM,,,,,,,,,,,FT,-,-,-,-,FTHBS
,,766,X,X,1330-2330 CTX   CTRL ROOM,1330-2330 CTX   CTRL ROOM,1330-2330 CTX   CTRL ROOM,1330-2330 CTX   CTRL ROOM,X,,,4x10,40,HBS,Wednesday - 1330-1830 CTX CTRL ROOM/1830-2330 PBS,,,,,,,,,,,FT,-,-,-,-,FTHBS
,,767,X,1030-1830 DI:,1030-1830 CTX       CTRL ROOM,1030-1830 CTX       CTRL ROOM,1030-1830 CTX       CTRL ROOM,1030-1830 CTX       CTRL ROOM,X,,,5x8,40,HBS,,,,,,,,,,,,FT,-,-,-,-,FTHBS
,,768,X,1200-2000 CTX       CTRL ROOM,1200-2000 CTX       CTRL ROOM,1200-2000 CTX       CTRL ROOM,1200-2000 DI:,1200-2000 CTX       CTRL ROOM,X,,,5x8,40,HBS,,,,,,,,,,,,FT,-,-,-,-,FTHBS
,,769,1530-2330 CTX   CTRL ROOM,X,X,X,X,1530-2330 DI:,1530-2330 CTX   CTRL ROOM,,,3x8,24,HBS,,,,,,,,,,,,PT,-,-,-,-,PTHBS
,,770,1530-2330 CTX   CTRL ROOM,1530-2330 DI:,X,X,X,X,1530-2330 CTX   CTRL ROOM,,,3x8,24,HBS,,,,,,,,,,,,PT,-,-,-,-,PTHBS
,,771,1300-2100 CTX   CTRL ROOM,1300-2100  DI:,X,X,X,X,1300-2100 CTX   CTRL ROOM,,,3x8,24,HBS,,,,,,,,,,,,PT,-,-,-,-,PTHBS
,,772,1300-2100  DI:,X,X,X,X,1300-2100 CTX   CTRL ROOM,1300-2100 CTX   CTRL ROOM,,,3x8,24,HBS,,,,,,,,,,,,PT,-,-,-,-,PTHBS
,,773,0130-1130 CTX SEARCH ROOM DI,X,X,X,0130-1130 CTX SEARCH ROOM DI,0130-1130 CTX SEARCH ROOM DI,0130-1130 CTX SEARCH ROOM DI,,,4x10,40,HBS,Sun- sat - start 2 hours PBS,,,,,,,,,,,FT,-,-,-,-,FTHBS
,,774,0130-1130 CTX SEARCH ROOM DI,0130-1130 CTX SEARCH ROOM DI,X,X,X,0130-1130 CTX SEARCH ROOM DI,0130-1130 CTX SEARCH ROOM DI,,,4x10,40,HBS,Mon- fri - start 2 hours PBS,,,,,,,,,,,FT,-,-,-,-,FTHBS
,,775,X,0130-1130 CTX SEARCH ROOM DI,0130-1130 CTX SEARCH ROOM DI,0130-1130 CTX SEARCH ROOM DI,0130-1130 CTX SEARCH ROOM DI,X,X,,,4x10,40,HBS,Wed- thur - start 2 hours PBS,,,,,,,,,,,FT,-,-,-,-,FTHBS
,,776,X,0230-1230 CTX SEARCH ROOM DI,0230-1230 CTX SEARCH ROOM DI,0230-1230 CTX SEARCH ROOM DI,0230-1230 CTX SEARCH ROOM DI,X,X,,,4x10,40,HBS,Tuesday - Half   DI / Half CTX SEARCH ROOM DI,,,,,,,,,,,FT,-,-,-,-,FTHBS
,,777,0230-1230 CTX SEARCH ROOM DI,0230-1230 CTX SEARCH ROOM DI,0230-1230 CTX SEARCH ROOM DI,0230-1230 CTX SEARCH ROOM DI,X,X,X,,,4x10,40,HBS,Wed - half PBS ID  2:30-7:30 /half  Shield ID 7:30-12:30,,,,,,,,,,,FT,-,-,-,-,FTHBS
,,778,X,X,X,0230-1230 CTX SEARCH ROOM DI,0230-1230 CTX SEARCH ROOM DI,0230-1230 CTX SEARCH ROOM DI,0230-1230 CTX SEARCH ROOM DI,,,4x10,40,HBS,Wed - half Shield ID 2:30-7:30 /half PBS ID  7:30-12:30,,,,,,,,,,,FT,-,-,-,-,FTHBS
,,779,X,X,0230-1230 CTX SEARCH ROOM DI,0230-1230 CTX SEARCH ROOM DI,0230-1230 CTX SEARCH ROOM DI,0230-1230 CTX SEARCH ROOM DI,X,,,4x10,40,HBS,Tue - half PBS ID  2:30-7:30 /half  Shield ID 7:30-12:30,,,,,,,,,,,FT,-,-,-,-,FTHBS
,,780,0300-1300 CTX SEARCH ROOM DI,0300-1300 CTX SEARCH ROOM DI,0300-1300 CTX SEARCH ROOM DI,0300-1300 CTX SEARCH ROOM DI,X,X,X,,,4x10,40,HBS,Wed - half PBS ID 3:00-8:00 /half Shield ID  8:00-13:00,,,,,,,,,,,FT,-,-,-,-,FTHBS
,,781,X,0230-1230 CTX SEARCH ROOM DI,0230-1230 CTX SEARCH ROOM DI,0230-1230 CTX SEARCH ROOM DI,0230-1230 CTX SEARCH ROOM DI,X,X,,,4x10,40,HBS,Tue - half Shield ID 2:30-7:30 /half PBS ID  7:30-12:30,,,,,,,,,,,FT,-,-,-,-,FTHBS
,,782,0300-1300 CTX SEARCH ROOM DI,0300-1300 CTX SEARCH ROOM DI,0300-1300 CTX SEARCH ROOM DI,0300-1300 CTX SEARCH ROOM DI,X,X,X,,,4x10,40,HBS,Wed -  half PBS ID 3:00-8:00 / half Shield ID 8:00-13:00,,,,,,,,,,,FT,-,-,-,-,FTHBS
,,783,X,X,X,0300-1300 CTX SEARCH ROOM DI,0300-1300 CTX SEARCH ROOM DI,0300-1300 CTX SEARCH ROOM DI,0300-1300 CTX SEARCH ROOM DI,,,4x10,40,HBS,Thur - half Shield ID 3:00-8:00 /half PBS ID  8:00-13:00,,,,,,,,,,,FT,-,-,-,-,FTHBS
,,784,0230-1230 CTX SEARCH ROOM DI,0230-1230 CTX SEARCH ROOM DI,0230-1230 CTX SEARCH ROOM DI,0230-1230 CTX SEARCH ROOM DI,X,X,X,,,4x10,40,HBS,Wed - half Shield ID 2:30-7:30 /half PBS ID  7:30-12:30,,,,,,,,,,,FT,-,-,-,-,FTHBS
,,785,0230-1230 CTX SEARCH ROOM DI,0230-1230 CTX SEARCH ROOM DI,0230-1230 CTX SEARCH ROOM DI,X,X,X,0230-1230 CTX SEARCH ROOM DI,,,4x10,40,HBS,Tue - half PBS ID  2:30-7:30 /half  Shield ID 7:30-12:30,,,,,,,,,,,FT,-,-,-,-,FTHBS
,,786,0230-1230 CTX SEARCH ROOM DI,X,X,X,0230-1230 CTX SEARCH ROOM DI,0230-1230 CTX SEARCH ROOM DI,0230-1230 CTX SEARCH ROOM DI,,,4x10,40,HBS,Thur - half PBS ID  2:30-7:30 /half  Shield ID 7:30-12:30,,,,,,,,,,,FT,-,-,-,-,FTHBS
,,787,X,X,0300-1300 CTX SEARCH ROOM DI,0300-1300 CTX SEARCH ROOM DI,0300-1300 CTX SEARCH ROOM DI,0300-1300 CTX SEARCH ROOM DI,X,,,4x10,40,HBS,Wed - half Shield ID  3:00-8:00 / half PBS ID 8:00-13:00,,,,,,,,,,,FT,-,-,-,-,FTHBS
,,788,X,X,0300-1300 CTX SEARCH ROOM DI,0300-1300 CTX SEARCH ROOM DI,0300-1300 CTX SEARCH ROOM DI,0300-1300 CTX SEARCH ROOM DI,X,,,4x10,40,HBS,Wed -  half PBS ID 3:00-8:00 / half Shield ID 8:00-13:00,,,,,,,,,,,FT,-,-,-,-,FTHBS
,,789,X,0500-1300 CTX SEARCH ROOM DI,0500-1300 CTX SEARCH ROOM DI,0500-1300 CTX SEARCH ROOM DI,0500-1300 TB:,0500-1300 CTX SEARCH ROOM DI,X,,,5x8,40,HBS,,,,,,,,,,,,FT,-,-,-,-,FTHBS
,,790,X,0500-1300 CTX SEARCH ROOM DI,0500-1300 CTX SEARCH ROOM DI,0500-1300 CTX SEARCH ROOM DI,0500-1300 TB:,0500-1300 CTX SEARCH ROOM DI,X,,,5x8,40,HBS,,,,,,,,,,,,FT,-,-,-,-,FTHBS
,,791,0230-1030 CTX SEARCH ROOM DI,X,X,X,X,0230-1030 DI:,0230-1030 CTX SEARCH ROOM DI,,,3x8,24,HBS,,,,,,,,,,,,PT,-,-,-,-,PTHBS
,,792,0230-1030 CTX SEARCH ROOM DI,X,X,X,X,0230-1030 DI:,0230-1030 CTX SEARCH ROOM DI,,,3x8,24,HBS,,,,,,,,,,,,PT,-,-,-,-,PTHBS
,,793,0230-1030 CTX SEARCH ROOM DI,X,X,X,X,0230-1030 DI:,0230-1030 CTX SEARCH ROOM DI,,,3x8,24,HBS,,,,,,,,,,,,PT,-,-,-,-,PTHBS
,,794,0300-1100 CTX SEARCH ROOM DI,X,X,X,X,0300-1100 DI:,0300-1100 CTX SEARCH ROOM DI,,,3x8,24,HBS,,,,,,,,,,,,PT,-,-,-,-,PTHBS
,,795,0300-1100 CTX SEARCH ROOM DI,X,X,X,X,0300-1100 DI:,0300-1100 CTX SEARCH ROOM DI,,,3x8,24,HBS,,,,,,,,,,,,PT,-,-,-,-,PTHBS
,,796,0300-1100 DI:,0300-1100 CTX SEARCH ROOM DI,X,X,X,X,0300-1100 CTX SEARCH ROOM DI,,,3x8,24,HBS,,,,,,,,,,,,PT,-,-,-,-,PTHBS
,,797,X,1100-2100 CTX SEARCH ROOM DI,1100-2100 CTX SEARCH ROOM DI,1100-2100 CTX SEARCH ROOM DI,1100-2100 CTX SEARCH ROOM DI,X,X,,,4x10,40,HBS,Thursday-1100-1600 SEARCH ROOM ID/ 1600 -2100 PBS,,,,,,,,,,,FT,-,-,-,-,FTHBS
,,798,X,1100-2100 CTX SEARCH ROOM DI,1100-2100 CTX SEARCH ROOM DI,1100-2100 CTX SEARCH ROOM DI,1100-2100 CTX SEARCH ROOM DI,X,X,,,4x10,40,HBS,Thursday -1100-1600  PBS/1600 -2100 SEARCH ROOM ID,,,,,,,,,,,FT,-,-,-,-,FTHBS
,,799,1100-2100 CTX SEARCH ROOM DI,1100-2100 CTX SEARCH ROOM DI,1100-2100 CTX SEARCH ROOM DI,X,X,X,1100-2100 CTX SEARCH ROOM DI,,,4x10,40,HBS,Tuesday -1100-1600 SEARCH ROOM ID/ 1600 -2100 PBS,,,,,,,,,,,FT,-,-,-,-,FTHBS
,,800,X,X,1100-2100 CTX SEARCH ROOM DI,1100-2100 CTX SEARCH ROOM DI,1100-2100 CTX SEARCH ROOM DI,1100-2100 CTX SEARCH ROOM DI,X,,,4x10,40,HBS,Tuesday -1100-1600  PBS/1600 -2100 SEARCH ROOM DI,,,,,,,,,,,FT,-,-,-,-,FTHBS
,,801,X,X,1100-2100 CTX SEARCH ROOM DI,1100-2100 CTX SEARCH ROOM DI,1100-2100 CTX SEARCH ROOM DI,1100-2100 CTX SEARCH ROOM DI,X,,,4x10,40,HBS,Wed -1100-1600 SEARCH ROOM ID/ 1600 -2100 PBS,,,,,,,,,,,FT,-,-,-,-,FTHBS
,,802,1100-2100 CTX SEARCH ROOM DI,1100-2100 CTX SEARCH ROOM DI,X,X,X,1100-2100 CTX SEARCH ROOM DI,1100-2100 CTX SEARCH ROOM DI,,,4x10,40,HBS,Monday -1100-1600 SEARCH ROOM ID/ 1600 -2100 PBS,,,,,,,,,,,FT,-,-,-,-,FTHBS
,,803,1130-2130 CTX SEARCH ROOM DI,1130-2130 CTX SEARCH ROOM DI,X,X,X,1130-2130 CTX SEARCH ROOM DI,1130-2130 CTX SEARCH ROOM DI,,,4x10,40,HBS,Monday -1130-1630  PBS/1630 -2130 SEARCH ROOM DI,,,,,,,,,,,FT,-,-,-,-,FTHBS
,,804,X,1130-2130 CTX SEARCH ROOM DI,1130-2130 CTX SEARCH ROOM DI,1130-2130 CTX SEARCH ROOM DI,1130-2130 CTX SEARCH ROOM DI,X,X,,,4x10,40,HBS,Thursday -1130-1630 SEARCH ROOM ID/ 1630 -2130 PBS,,,,,,,,,,,FT,-,-,-,-,FTHBS
,,805,1130-2130 CTX SEARCH ROOM DI,X,X,X,1130-2130 CTX SEARCH ROOM DI,1130-2130 CTX SEARCH ROOM DI,1130-2130 CTX SEARCH ROOM DI,,,4x10,40,HBS,Friday -1130-1630 SEARCH ROOM ID/ 1630 -2130 PBS,,,,,,,,,,,FT,-,-,-,-,FTHBS
,,806,1130-2130 CTX SEARCH ROOM DI,X,X,X,1130-2130 CTX SEARCH ROOM DI,1130-2130 CTX SEARCH ROOM DI,1130-2130 CTX SEARCH ROOM DI,,,4x10,40,HBS,Friday -1130-1630  PBS/1630 -2130 SEARCH ROOM DI,,,,,,,,,,,FT,-,-,-,-,FTHBS
,,807,1200-2200 CTX SEARCH ROOM DI,1200-2200 CTX SEARCH ROOM DI,1200-2200 CTX SEARCH ROOM DI,X,X,X,1200-2200 CTX SEARCH ROOM DI,,,4x10,40,HBS,Sunday -1200-1700 SEARCH ROOM ID/ 1700 -2200 PBS,,,,,,,,,,,FT,-,-,-,-,FTHBS
,,808,1200-2200 CTX SEARCH ROOM DI,1200-2200 CTX SEARCH ROOM DI,1200-2200 CTX SEARCH ROOM DI,1200-2200 CTX SEARCH ROOM DI,X,X,X,,,4x10,40,HBS,Sunday -1200-1700  PBS/1700 -2200 SEARCH ROOM DI,,,,,,,,,,,FT,-,-,-,-,FTHBS
,,809,1200-2200 CTX SEARCH ROOM DI,1200-2200 CTX SEARCH ROOM DI,X,X,X,1200-2200 CTX SEARCH ROOM DI,1200-2200 CTX SEARCH ROOM DI,,,4x10,40,HBS,Monday -1200-1700 SEARCH ROOM ID/ 1700 -2200 PBS,,,,,,,,,,,FT,-,-,-,-,FTHBS
,,810,1230-2230 CTX SEARCH ROOM DI,1230-2230 CTX SEARCH ROOM DI,1230-2230 CTX SEARCH ROOM DI,1230-2230 CTX SEARCH ROOM DI,X,X,X,,,4x10,40,HBS,Wed -1230-1730 SEARCH ROOM ID/ 1730 -2230 PBS,,,,,,,,,,,FT,-,-,-,-,FTHBS
,,811,1230-2230 CTX SEARCH ROOM DI,1230-2230 CTX SEARCH ROOM DI,1230-2230 CTX SEARCH ROOM DI,1230-2230 CTX SEARCH ROOM DI,X,X,X,,,4x10,40,HBS,Wed -1230-1730  PBS/1730 -2230 SEARCH ROOM DI,,,,,,,,,,,FT,-,-,-,-,FTHBS
,,812,X,X,X,1300-2300 CTX SEARCH ROOM DI,1300-2300 CTX SEARCH ROOM DI,1300-2300 CTX SEARCH ROOM DI,1300-2300 CTX SEARCH ROOM DI,,,4x10,40,HBS,Saturday -1300-1800 SEARCH ROOM ID/ 1800 -2300 PBS,,,,,,,,,,,FT,-,-,-,-,FTHBS
,,813,1300-2300 CTX SEARCH ROOM DI,1300-2300 CTX SEARCH ROOM DI,X,X,X,1300-2300 CTX SEARCH ROOM DI,1300-2300 CTX SEARCH ROOM DI,,,4x10,40,HBS,Saturday -1300-1800 PBS/ 1800 -2300  SEARCH ROOM ID,,,,,,,,,,,FT,-,-,-,-,FTHBS
,,814,X,X,1330-2330 CTX SEARCH ROOM DI,1330-2330 CTX SEARCH ROOM DI,1330-2330 CTX SEARCH ROOM DI,1330-2330 CTX SEARCH ROOM DI,X,,,4x10,40,HBS,Friday -1330-1830  SEARCH ROOM DI/1830 -2330 PBS,,,,,,,,,,,FT,-,-,-,-,FTHBS
,,815,1330-2330 CTX SEARCH ROOM DI,X,X,X,1330-2330 CTX SEARCH ROOM DI,1330-2330 CTX SEARCH ROOM DI,1330-2330 CTX SEARCH ROOM DI,,,4x10,40,HBS,Friday -1330-1830  PBS/1830 -2330 SEARCH ROOM DI,,,,,,,,,,,FT,-,-,-,-,FTHBS
,,816,X,1330-2330 CTX SEARCH ROOM DI,1330-2330 CTX SEARCH ROOM DI,1330-2330 CTX SEARCH ROOM DI,1330-2330 CTX SEARCH ROOM DI,X,X,,,4x10,40,HBS,Tuesday -1330-1830  SEARCH ROOM DI/1830 -2330 PBS,,,,,,,,,,,FT,-,-,-,-,FTHBS
,,817,X,X,1230-2030 TB:,1230-2030 CTX SEARCH ROOM DI,1230-2030 CTX SEARCH ROOM DI,1230-2030 CTX SEARCH ROOM DI,1230-2030 CTX SEARCH ROOM DI,,,5x8,40,HBS,,,,,,,,,,,,FT,-,-,-,-,FTHBS
,,818,X,1330-2130 DI:,1330-2130CTX SEARCH ROOM DI,1330-2130 CTX SEARCH ROOM DI,1330-2130CTX SEARCH ROOM DI,1330-2130 CTX SEARCH ROOM DI,X,,,5x8,40,HBS,,,,,,,,,,,,FT,-,-,-,-,FTHBS
,,819,1530-2330 CTX SEARCH ROOM DI,1530-2330 DI:,X,X,X,X,1530-2330 CTX SEARCH ROOM DI,,,3x8,24,HBS,,,,,,,,,,,,PT,-,-,-,-,PTHBS
,,820,1330-2330 DI:,1330-2330 CTX SEARCH ROOM DI,X,X,X,X,X,,,2x10,20,HBS,,,,,,,,,,,,PT,-,-,-,-,PTHBS
,,821,1330-2330 DI:,X,X,X,X,X,1330-2330 CTX SEARCH ROOM DI,,,2x10,20,HBS,,,,,,,,,,,,PT,-,-,-,-,PTHBS
,,822,1330-2330 CTX SEARCH ROOM DI,X,X,X,X,X,1330-2330 DI:,,,2x10,20,HBS,,,,,,,,,,,,PT,-,-,-,-,PTHBS
,,823,0230-1230 CTX SEARCH ROOM TB:,X,X,X,0230-1230 CTX SEARCH ROOM TB: Half CTX SEARCH ROOM TB / Half TB,0230-1230 CTX SEARCH ROOM TB:,0230-1230 CTX SEARCH ROOM TB:,,,4x10,40,HBS,Thur - half Shield Tb 2:30-7:30 /half TB  7:30-12:30,,,,,,,,,,,FT,-,-,-,-,FTHBS
,,824,X,0230-1230 CTX SEARCH ROOM TB:,0230-1230 CTX SEARCH ROOM TB:,0230-1230 CTX SEARCH ROOM TB:,0230-1230 TB: Half TB / Half CTX SEARCH ROOM TB,X,X,,,4x10,40,HBS,Thur - half PBS TB  2:30-7:30 /half  Shield TB 7:30-12:30,,,,,,,,,,,FT,-,-,-,-,FTHBS
,,825,0300-1300 CTX SEARCH ROOM TB:,X,X,X,0300-1300 CTX SEARCH ROOM TB: Half CTX SEARCH ROOM TB / Half TB ,0300-1300 CTX SEARCH ROOM TB:,0300-1300 CTX SEARCH ROOM TB:,,,4x10,40,HBS,Thur - half Shield Tb 3:00-8:00 /half TB 8:00-13:00  ,,,,,,,,,,,FT,-,-,-,-,FTHBS
,,826,X,0300-1300 CTX SEARCH ROOM TB:,0300-1300 CTX SEARCH ROOM TB:,0300-1300 CTX SEARCH ROOM TB:,0300-1300 TB: Half TB / Half CTX SEARCH ROOM TB,X,X,,,4x10,40,HBS,Thur - half PBS TB  3:00-8:00 /half  Shield TB 8:00-13:00,,,,,,,,,,,FT,-,-,-,-,FTHBS
,,827,0430-1030 TB:,X,X,X,0430-1030 CTX SEARCH ROOM TB: BRK RLF - CTX SEARCH ROOM/SP6,0430-1030 CTX SEARCH ROOM TB: BRK RLF - CTX SEARCH ROOM/SP6,0430-1030 CTX SEARCH ROOM TB: BRK RLF - CTX SEARCH ROOM/SP6,,,4x6,24,HBS,,,,,,,,,,,,PT,-,-,-,-,PTHBS
,,828,0430-1030 CTX SEARCH ROOM TB: BRK RLF - CTX SEARCH ROOM/SP6,0430-1030 CTX SEARCH ROOM TB: BRK RLF - CTX SEARCH ROOM/SP6,0430-1030 CTX SEARCH ROOM TB: BRK RLF - CTX SEARCH ROOM/SP6,0430-1030 TB:,X,X,X,,,4x6,24,HBS,,,,,,,,,,,,PT,-,-,-,-,PTHBS
,,829,1030-2030 CTX SEARCH ROOM TB:,X,X,X,1030-2030 CTX SEARCH ROOM TB: Half CTX SEARCH ROOM / Half TB,1030-2030 CTX SEARCH ROOM TB:,1030-2030 CTX SEARCH ROOM TB:,,,4x10,40,HBS,Thur - half / half,,,,,,,,,,,FT,-,-,-,-,FTHBS
,,830,1030-2030 CTX SEARCH ROOM TB:,X,X,X,1030-2030 CTX SEARCH ROOM TB: Half CTX SEARCH ROOM / Half TB,1030-2030 CTX SEARCH ROOM TB:,1030-2030 CTX SEARCH ROOM TB:,,,4x10,40,HBS,Thur - half / half,,,,,,,,,,,FT,-,-,-,-,FTHBS
,,831,X,1030-2030 CTX SEARCH ROOM TB:,1030-2030 CTX SEARCH ROOM TB:,1030-2030 CTX SEARCH ROOM TB:,1030-2030 TB: Half TB / Half CTX SEARCH ROOM,X,X,,,4x10,40,HBS,Thur - half / half,,,,,,,,,,,FT,-,-,-,-,FTHBS
,,832,X,1030-2030 CTX SEARCH ROOM TB:,1030-2030 CTX SEARCH ROOM TB:,1030-2030 CTX SEARCH ROOM TB:,1030-2030 TB: Half TB / Half CTX SEARCH ROOM,X,X,,,4x10,40,HBS,Thur - half / half,,,,,,,,,,,FT,-,-,-,-,FTHBS
,,833,1030-2030 CTX SEARCH ROOM TB:,1030-2030TB: Half TB / Half CTX SEARCH ROOM TB,X,X,X,1030-2030CTX SEARCH ROOM TB:,1030-2030CTX SEARCH ROOM TB:,,,4x10,40,HBS,Break Relief - Mon half  PBS TB/ Shield TB,,,,,,,,,,,FT,-,-,-,-,FTHBS
,,834,X,1030-2030CTX SEARCH ROOM TB: Half CTX SEARCH ROOM / Half TB,1030-2030CTX SEARCH ROOM TB:,1030-2030CTX SEARCH ROOM TB:,1030-2030CTX SEARCH ROOM TB:,X,X,,,4x10,40,HBS,Break Relief - Mon half  Shield TB/  PBS TB,,,,,,,,,,,FT,-,-,-,-,FTHBS
,,835,0315-1315 OSB SP1:,0315-1315 OSB SP1:,0315-1315 OSB SP1:,X,X,X,0315-1315 OSB SP1:,,,4x10,40,HBS,Tue - half SP 3:15-8:15 /half PBS 8:15-13:15,,,,,,,,,,,FT,-,-,-,-,FTHBS
,,836,0315-1315 OSB SP1:,0315-1315 OSB SP1:,0315-1315 OSB SP1:,X,X,X,0315-1315 OSB SP1:,,,4x10,40,HBS,Tue - half SP 3:15-8:15 /half PBS 8:15-13:15,,,,,,,,,,,FT,-,-,-,-,FTHBS
,,837,X,X,0315-1315 OSB SP1:,0315-1315 OSB SP1:,0315-1315 OSB SP1:,0315-1315 OSB SP1:,X,,,4x10,40,HBS,Tue -half PBS 3:15-8:15 / half SP 8:15-13:15,,,,,,,,,,,FT,-,-,-,-,FTHBS
,,838,X,X,0315-1315 OSB SP1:,0315-1315 OSB SP1:,0315-1315 OSB SP1:,0315-1315 OSB SP1:,X,,,4x10,40,HBS,Tue -half PBS 3:15-8:15 / half SP 8:15-13:15,,,,,,,,,,,FT,-,-,-,-,FTHBS
,,839,1315-2315 OSB SP1:,X,X,X,1315-2315 OSB SP1:,1315-2315 OSB SP1:,1315-2315 OSB SP1:,,,4x10,40,HBS,Thur - half PBS/half SP,,,,,,,,,,,FT,-,-,-,-,FTHBS
,,840,1315-2315 OSB SP1:,X,X,X,1315-2315 OSB SP1:,1315-2315 OSB SP1:,1315-2315 OSB SP1:,,,4x10,40,HBS,Thur - half PBS/half SP,,,,,,,,,,,FT,-,-,-,-,FTHBS
,,841,X,1315-2315 OSB SP1:,1315-2315 OSB SP1:,1315-2315 OSB SP1:,1315-2315 OSB SP1:,X,X,,,4x10,40,HBS,Thur - half SP /  half PBS,,,,,,,,,,,FT,-,-,-,-,FTHBS
,,842,X,1315-2315 OSB SP1:,1315-2315 OSB SP1:,1315-2315 OSB SP1:,1315-2315 OSB SP1:,X,X,,,4x10,40,HBS,Thur - half SP /  half PBS,,,,,,,,,,,FT,-,-,-,-,FTHBS
,,843,0230-1230 OSB SP5:,0230-1230 OSB SP5:,0230-1230 OSB SP5:,X,X,X,0230-1230 OSB SP5:,,,4x10,40,HBS,Tue - half SP 2:30-7:30 /half PBS 7:30-12:30,,,,,,,,,,,FT,-,-,-,-,FTHBS
,,844,0230-1230 OSB SP5:,0230-1230 OSB SP5:,0230-1230 OSB SP5:,X,X,X,0230-1230 OSB SP5:,,,4x10,40,HBS,Tue - half SP 2:30-7:30 /half PBS 7:30-12:30,,,,,,,,,,,FT,-,-,-,-,FTHBS
,,845,X,X,0230-1230 OSB SP5:,0230-1230 OSB SP5:,0230-1230 OSB SP5:,0230-1230 OSB SP5:,X,,,4x10,40,HBS,Tue -half PBS 2:30-7:30 / half SP 7:30-12:30,,,,,,,,,,,FT,-,-,-,-,FTHBS
,,846,X,X,0230-1230 OSB SP5:,0230-1230 OSB SP5:,0230-1230 OSB SP5:,0230-1230 OSB SP5:,X,,,4x10,40,HBS,Tue -half PBS 2:30-7:30 / half SP 7:30-12:30,,,,,,,,,,,FT,-,-,-,-,FTHBS
,,847,X,1230-2230 OSB SP5,1230-2230 OSB SP5,1230-2230 OSB SP5,1230-2230 OSB SP5,X,X,,,4x10,40,HBS,Monday- half SP5/half PBS,,,,,,,,,,,FT,-,-,-,-,FTHBS
,,848,X,1230-2230 OSB SP5,1230-2230 OSB SP5,1230-2230 OSB SP5,1230-2230 OSB SP5,X,X,,,4x10,40,HBS,Monday- half SP5/half PBS,,,,,,,,,,,FT,-,-,-,-,FTHBS
,,849,1230-2230 OSB SP5,1230-2230 OSB SP5,X,X,X,1230-2230 OSB SP5,1230-2230 OSB SP5,,,4x10,40,HBS,Monday-half PBS/ half SP5,,,,,,,,,,,FT,-,-,-,-,FTHBS
,,850,1230-2230 OSB SP5,1230-2230 OSB SP5,X,X,X,1230-2230 OSB SP5,1230-2230 OSB SP5,,,4x10,40,HBS,Monday -half PBS/ half SP5,,,,,,,,,,,FT,-,-,-,-,FTHBS
,,851,0300-1300 OSB SP4:,0300-1300 OSB SP4:,0300-1300 OSB SP4:,X,X,X,0300-1300 OSB SP4:,,,4x10,40,HBS,Tue - half SP 3:00-8:00 /half PBS 8:00-13:00,,,,,,,,,,,FT,-,-,-,-,FTHBS
,,852,0300-1300 OSB SP4:,0300-1300 OSB SP4:,0300-1300 OSB SP4:,X,X,X,0300-1300 OSB SP4:,,,4x10,40,HBS,Tue - half SP 3:00-8:00 /half PBS 8:00-13:00,,,,,,,,,,,FT,-,-,-,-,FTHBS
,,853,X,X,0300-1300 OSB SP4:,0300-1300 OSB SP4:,0300-1300 OSB SP4:,0300-1300 OSB SP4:,X,,,4x10,40,HBS,Tue - half PBS 3:00-8:00 /half SP  8:00-13:00,,,,,,,,,,,FT,-,-,-,-,FTHBS
,,854,X,X,0300-1300 OSB SP4:,0300-1300 OSB SP4:,0300-1300 OSB SP4:,0300-1300 OSB SP4:,X,,,4x10,40,HBS,Tue - half PBS 3:00-8:00 /half SP  8:00-13:00,,,,,,,,,,,FT,-,-,-,-,FTHBS
,,855,X,X,1300-2300 OSB SP4,1300-2300 OSB SP4,1300-2300 OSB SP4,1300-2300 OSB SP4,X,,,4x10,40,HBS,Tuesday-half PBS/ half SP4,,,,,,,,,,,FT,-,-,-,-,FTHBS
,,856,X,X,1300-2300 OSB SP4,1300-2300 OSB SP4,1300-2300 OSB SP4,1300-2300 OSB SP4,X,,,4x10,40,HBS,Tuesday-half PBS/ half SP4,,,,,,,,,,,FT,-,-,-,-,FTHBS
,,857,1300-2300 OSB SP4,1300-2300 OSB SP4,1300-2300 OSB SP4,X,X,X,1300-2300 OSB SP4,,,4x10,40,HBS,Tuesday- half SP4/half PBS,,,,,,,,,,,FT,-,-,-,-,FTHBS
,,858,1300-2300 OSB SP4,1300-2300 OSB SP4,1300-2300 OSB SP4,X,X,X,1300-2300 OSB SP4,,,4x10,40,HBS,Tuesday- half SP4/half PBS,,,,,,,,,,,FT,-,-,-,-,FTHBS
,,859,0330-1330 OSB SP2:,0330-1330 OSB SP2:,0330-1330 OSB SP2:,X,X,X,0330-1330 OSB SP2:,,,4x10,40,HBS,Tues - half SP 3:30-8:30 /half PBS 8:30-13:30,,,,,,,,,,,FT,-,-,-,-,FTHBS
,,860,0330-1330 OSB SP2:,0330-1330 OSB SP2:,0330-1330 OSB SP2:,X,X,X,0330-1330 OSB SP2:,,,4x10,40,HBS,Tues - half SP 3:30-8:30 /half PBS 8:30-13:30,,,,,,,,,,,FT,-,-,-,-,FTHBS
,,861,X,X,0330-1330 OSB SP2:,0330-1330 OSB SP2:,0330-1330 OSB SP2:,0330-1330 OSB SP2:,X,,,4x10,40,HBS,Tues - half PBS 3:30-8:30 /half SP 8:30-13:30,,,,,,,,,,,FT,-,-,-,-,FTHBS
,,862,X,X,0330-1330 OSB SP2:,0330-1330 OSB SP2:,0330-1330 OSB SP2:,0330-1330 OSB SP2:,X,,,4x10,40,HBS,Tues - half PBS 3:30-8:30 /half SP 8:30-13:30,,,,,,,,,,,FT,-,-,-,-,FTHBS
,,863,X,1330-2330 OSB SP2:,1330-2330 OSB SP2:,1330-2330 OSB SP2:,1330-2330 DI:,X,X,,,4x10,40,HBS,Thursday-half PBS/ half SP2,,,,,,,,,,,FT,-,-,-,-,FTHBS
,,864,X,1330-2330 OSB SP2:,1330-2330 OSB SP2:,1330-2330 OSB SP2:,1330-2330 DI:,X,X,,,4x10,40,HBS,Thursday-half PBS/ half SP2,,,,,,,,,,,FT,-,-,-,-,FTHBS
,,865,1330-2330 OSB SP2:,X,X,X,1330-2330 OSB SP2:,1330-2330 OSB SP2:,1330-2330 OSB SP2:,,,4x10,40,HBS,Thursday- half SP2/half PBS,,,,,,,,,,,FT,-,-,-,-,FTHBS
,,866,1330-2330 OSB SP2:,X,X,X,1330-2330 OSB SP2:,1330-2330 OSB SP2:,1330-2330 OSB SP2:,,,4x10,40,HBS,Thursday- half SP2/half PBS,,,,,,,,,,,FT,-,-,-,-,FTHBS
,,867,0330-1330 OSB SP6:,0330-1330 OSB SP6:,0330-1330 CTX CTRL ROOM:,X,X,X,0330-1330 OSB SP6:,,,4x10,40,HBS,Sun-Mon-Sat / 0330-0530 PBS TB,,,,,,,,,,,FT,-,-,-,-,FTHBS
,,868,X,X,0330-1330 OSB SP6:,0330-1330 OSB SP6:,0330-1330 OSB SP6:,0330-1330 OSB SP6:,X,,,4x10,40,HBS,Tues-wed-Thur-Fri/ 0330-0530 PBS TB,,,,,,,,,,,FT,-,-,-,-,FTHBS
,,869,1030-2030 OSB SP6:,1030-2030 OSB SP6:,1030-2030 CTX CTRL ROOM DI:,X,X,X,1030-2030 OSB SP6:,,,4x10,40,HBS,Sun-Mon-Sat / Start 2 hours PBS TB & Tues CTX HBS Room,,,,,,,,,,,FT,-,-,-,-,FTHBS
,,870,X,X,1030-2030 OSB SP6:,1030-2030 OSB SP6:,1030-2030 OSB SP6:,1030-2030 OSB SP6:,X,,,4x10,40,HBS,Tues-Wed-Thur-Fri / Start 2 hours PBS TB,,,,,,,,,,,FT,-,-,-,-,FTHBS
,,871,X,X,1230-2030 OSB SP6:,1230-2030 TB:,1230-2030 OSB SP6:,1230-2030 OSB SP6:,1230-2030 OSB SP6:,,,5x8,40,HBS,Wed - TB,,,,,,,,,,,FT,-,-,-,-,FTHBS
,,872,1230-2030 OSB SP6:,1230-2030 OSB SP6:,1230-2030 TB:,1230-2030 OSB SP6:,1230-2030 TB:,X,X,,,5x8,40,HBS,Tue/Thur - TB,,,,,,,,,,,FT,-,-,-,-,FTHBS
,,873,X,X,0330-1330 OSB SP1 Break,0330-1330 CTX Ctrl Room /  SP1 Break,0330-1330 CTX Ctrl Room /  SP1 Break,0330-1330 CTX Ctrl Room /  SP1 Break,X,,,4x10,40,HBS,Tue - half PBS 3:30-8:30 /half SP1 BREAK 8:30-13:30,,,,,,,,,,,FT,-,-,-,-,FTHBS
,,874,0330-1330 CTX Ctrl Room /  SP1 Break,0330-1330 CTX Ctrl Room /  SP1 Break,0330-1330 OSB SP1 Break,X,X,X,0330-1330 CTX Ctrl Room /  SP1 Break,,,4x10,40,HBS,Tue - half SP1  BREAK 3:30-8:30 /half PBS 8:30-13:30,,,,,,,,,,,FT,-,-,-,-,FTHBS
,,875,X,X,X,0400-1400 SP Break ,0400-1400 SP Break ,0400-1400 SP Break ,0400-1400 SP Break ,,,4x10,40,HBS,Wed - half PBS 4:00-9:00 /  half SP BREAK 9:00-14:00 - Transition SP2/SP5,,,,,,,,,,,FT,-,-,-,-,FTHBS
,,876,X,X,X,0400-1400 SP Break ,0400-1400 SP Break ,0400-1400 SP Break ,0400-1400 SP Break ,,,4x10,40,HBS,Wed - half PBS 4:00-9:00 /  half SP BREAK 9:00-14:00 - Transition SP2/SP5,,,,,,,,,,,FT,-,-,-,-,FTHBS
,,877,0400-1400 SP Break ,0400-1400 SP Break ,0400-1400 SP Break ,0400-1400 OSB RLF,X,X,X,,,4x10,40,HBS,Wed - half SP BREAK 4:00-9:00 / half PBS 9:00-14:00 - Transition SP2/SP5,,,,,,,,,,,FT,-,-,-,-,FTHBS
,,878,0400-1400 SP Break ,0400-1400 SP Break ,0400-1400 SP Break ,0400-1400 OSB RLF,X,X,X,,,4x10,40,HBS,Wed - half SP BREAK 4:00-9:00 / half PBS 9:00-14:00 - Transition SP2/SP5,,,,,,,,,,,FT,-,-,-,-,FTHBS
,,879,X,X,X,1230-2230 OSB Break,1230-2230 OSB Break,1230-2230 OSB Break,1230-2230 OSB Break,,,4x10,40,HBS,Wed - half PBS /  half SP- Transition SP2/SP5,,,,,,,,,,,FT,-,-,-,-,FTHBS
,,880,X,X,X,1230-2230 OSB Break,1230-2230 OSB Break,1230-2230 OSB Break,1230-2230 OSB Break,,,4x10,40,HBS,Wed - half PBS /  half SP,,,,,,,,,,,FT,-,-,-,-,FTHBS
,,881,1230-2230 OSB Break,1230-2230 OSB Break,1230-2230 OSB Break,1230-2230 OSB Break,X,X,X,,,4x10,40,HBS,Wed - half SP /half PBS,,,,,,,,,,,FT,-,-,-,-,FTHBS
,,882,1230-2230 OSB Break,1230-2230 OSB Break,1230-2230 OSB Break,1230-2230 OSB Break,X,X,X,,,4x10,40,HBS,Wed - half SP /half PBS,,,,,,,,,,,FT,-,-,-,-,FTHBS
,,883,X,X,1200-2000 PBS TB,1200-2000 OSB SP1 BRK RLF,1200-2000 PBS TB,1200-2000 OSB SP1 BRK RLF,1200-2000 OSB SP1 BRK RLF,,,5x8,40,HBS,Tue/Thur - TB,,,,,,,,,,,FT,-,-,-,-,FTHBS
,,884,1200-2000 OSB SP1 BRK RLF,1200-2000 OSB SP1 BRK RLF,1200-2000 OSB SP1 BRK RLF,1200-2000 PBS TB,1200-2000 OSB SP1 BRK RLF,X,X,,,5x8,40,HBS,Wed - TB,,,,,,,,,,,FT,-,-,-,-,FTHBS
,,885,X,X,,,,,,,,,40,Variable,Variable,,,,,,,,,,,FT,-,-,-,-,FTVariable
,,886,X,X,,,,,,,,,40,Variable,Variable,,,,,,,,,,,FT,-,-,-,-,FTVariable
,,887,X,X,,,,,,,,,40,Variable,Variable,,,,,,,,,,,FT,-,-,-,-,FTVariable
,,888,X,X,,,,,,,,,40,Variable,Variable,,,,,,,,,,,FT,-,-,-,-,FTVariable
,,889,,X,X,,,,,,,,40,Variable,Variable,,,,,,,,,,,FT,-,-,-,-,FTVariable
,,890,,X,X,,,,,,,,40,Variable,Variable,,,,,,,,,,,FT,-,-,-,-,FTVariable
,,891,,X,X,,,,,,,,40,Variable,Variable,,,,,,,,,,,FT,-,-,-,-,FTVariable
,,892,,X,X,,,,,,,,40,Variable,Variable,,,,,,,,,,,FT,-,-,-,-,FTVariable
,,893,,X,X,,,,,,,,40,Variable,Variable,,,,,,,,,,,FT,-,-,-,-,FTVariable
,,894,,X,X,,,,,,,,40,Variable,Variable,,,,,,,,,,,FT,-,-,-,-,FTVariable
,,895,,X,X,,,,,,,,40,Variable,Variable,,,,,,,,,,,FT,-,-,-,-,FTVariable
,,896,,X,X,,,,,,,,40,Variable,Variable,,,,,,,,,,,FT,-,-,-,-,FTVariable
,,897,,X,X,,,,,,,,40,Variable,Variable,,,,,,,,,,,FT,-,-,-,-,FTVariable
,,898,,X,X,,,,,,,,40,Variable,Variable,,,,,,,,,,,FT,-,-,-,-,FTVariable
,,899,,X,X,,,,,,,,40,Variable,Variable,,,,,,,,,,,FT,-,-,-,-,FTVariable
,,900,,X,X,,,,,,,,40,Variable,Variable,,,,,,,,,,,FT,-,-,-,-,FTVariable
,,901,,X,X,,,,,,,,40,Variable,Variable,,,,,,,,,,,FT,-,-,-,-,FTVariable
,,902,,X,X,,,,,,,,40,Variable,Variable,,,,,,,,,,,FT,-,-,-,-,FTVariable
,,903,,X,X,,,,,,,,40,Variable,Variable,,,,,,,,,,,FT,-,-,-,-,FTVariable
,,904,,X,X,,,,,,,,40,Variable,Variable,,,,,,,,,,,FT,-,-,-,-,FTVariable
,,905,,X,X,,,,,,,,40,Variable,Variable,,,,,,,,,,,FT,-,-,-,-,FTVariable
,,906,,X,X,,,,,,,,40,Variable,Variable,,,,,,,,,,,FT,-,-,-,-,FTVariable
,,907,,X,X,,,,,,,,40,Variable,Variable,,,,,,,,,,,FT,-,-,-,-,FTVariable
,,908,,X,X,,,,,,,,40,Variable,Variable,,,,,,,,,,,FT,-,-,-,-,FTVariable
,,909,,X,X,,,,,,,,40,Variable,Variable,,,,,,,,,,,FT,-,-,-,-,FTVariable
,,910,,X,X,,,,,,,,40,Variable,Variable,,,,,,,,,,,FT,-,-,-,-,FTVariable
,,911,,X,X,,,,,,,,40,Variable,Variable,,,,,,,,,,,FT,-,-,-,-,FTVariable
,,912,,X,X,,,,,,,,40,Variable,Variable,,,,,,,,,,,FT,-,-,-,-,FTVariable
,,913,,X,X,,,,,,,,40,Variable,Variable,,,,,,,,,,,FT,-,-,-,-,FTVariable
,,914,,,X,X,,,,,,,40,Variable,Variable,,,,,,,,,,,FT,-,-,-,-,FTVariable
,,915,,,X,X,,,,,,,40,Variable,Variable,,,,,,,,,,,FT,-,-,-,-,FTVariable
,,916,,,X,X,,,,,,,40,Variable,Variable,,,,,,,,,,,FT,-,-,-,-,FTVariable
,,917,,,X,X,,,,,,,40,Variable,Variable,,,,,,,,,,,FT,-,-,-,-,FTVariable
,,918,,,X,X,,,,,,,40,Variable,Variable,,,,,,,,,,,FT,-,-,-,-,FTVariable
,,919,,,X,X,,,,,,,40,Variable,Variable,,,,,,,,,,,FT,-,-,-,-,FTVariable
,,920,,,X,X,,,,,,,40,Variable,Variable,,,,,,,,,,,FT,-,-,-,-,FTVariable
,,921,,,,X,X,,,,,,40,Variable,Variable,,,,,,,,,,,FT,-,-,-,-,FTVariable
,,922,,,,X,X,,,,,,40,Variable,Variable,,,,,,,,,,,FT,-,-,-,-,FTVariable
,,923,,,,X,X,,,,,,40,Variable,Variable,,,,,,,,,,,FT,-,-,-,-,FTVariable
,,924,,,,X,X,,,,,,40,Variable,Variable,,,,,,,,,,,FT,-,-,-,-,FTVariable
,,925,,,,X,X,,,,,,40,Variable,Variable,,,,,,,,,,,FT,-,-,-,-,FTVariable
,,926,,,,X,X,,,,,,40,Variable,Variable,,,,,,,,,,,FT,-,-,-,-,FTVariable
,,927,,,,X,X,,,,,,40,Variable,Variable,,,,,,,,,,,FT,-,-,-,-,FTVariable
,,928,,,,X,X,,,,,,40,Variable,Variable,,,,,,,,,,,FT,-,-,-,-,FTVariable
,,929,,,,X,X,,,,,,40,Variable,Variable,,,,,,,,,,,FT,-,-,-,-,FTVariable
,,930,,,,X,X,,,,,,40,Variable,Variable,,,,,,,,,,,FT,-,-,-,-,FTVariable
,,931,,,,X,X,,,,,,40,Variable,Variable,,,,,,,,,,,FT,-,-,-,-,FTVariable
,,932,,,,X,X,,,,,,40,Variable,Variable,,,,,,,,,,,FT,-,-,-,-,FTVariable
,,933,,,,X,X,,,,,,40,Variable,Variable,,,,,,,,,,,FT,-,-,-,-,FTVariable
,,934,,,,X,X,,,,,,40,Variable,Variable,,,,,,,,,,,FT,-,-,-,-,FTVariable
,,935,,,,X,X,,,,,,40,Variable,Variable,,,,,,,,,,,FT,-,-,-,-,FTVariable
,,936,,,,X,X,,,,,,40,Variable,Variable,,,,,,,,,,,FT,-,-,-,-,FTVariable
,,937,,,,X,X,,,,,,40,Variable,Variable,,,,,,,,,,,FT,-,-,-,-,FTVariable
,,938,,,,X,X,,,,,,40,Variable,Variable,,,,,,,,,,,FT,-,-,-,-,FTVariable
,,939,,,,X,X,,,,,,40,Variable,Variable,,,,,,,,,,,FT,-,-,-,-,FTVariable
,,940,,,,,X,X,,,,,40,Variable,Variable,,,,,,,,,,,FT,-,-,-,-,FTVariable
,,941,,,,,X,X,,,,,40,Variable,Variable,,,,,,,,,,,FT,-,-,-,-,FTVariable
,,942,,,,,X,X,,,,,40,Variable,Variable,,,,,,,,,,,FT,-,-,-,-,FTVariable
,,943,,,,,X,X,,,,,40,Variable,Variable,,,,,,,,,,,FT,-,-,-,-,FTVariable
,,944,,,,,X,X,,,,,40,Variable,Variable,,,,,,,,,,,FT,-,-,-,-,FTVariable
,,945,,,,,X,X,,,,,40,Variable,Variable,,,,,,,,,,,FT,-,-,-,-,FTVariable
,,946,,,,,X,X,,,,,40,Variable,Variable,,,,,,,,,,,FT,-,-,-,-,FTVariable
,,947,,,,,X,X,,,,,40,Variable,Variable,,,,,,,,,,,FT,-,-,-,-,FTVariable
,,948,,,,,X,X,,,,,40,Variable,Variable,,,,,,,,,,,FT,-,-,-,-,FTVariable
,,949,,,,,X,X,,,,,40,Variable,Variable,,,,,,,,,,,FT,-,-,-,-,FTVariable
,,950,,,,,X,X,,,,,40,Variable,Variable,,,,,,,,,,,FT,-,-,-,-,FTVariable
,,951,,,,,X,X,,,,,40,Variable,Variable,,,,,,,,,,,FT,-,-,-,-,FTVariable
,,952,,,,,X,X,,,,,40,Variable,Variable,,,,,,,,,,,FT,-,-,-,-,FTVariable
,,953,,,,,,X,X,,,,40,Variable,Variable,,,,,,,,,,,FT,-,-,-,-,FTVariable
,,954,,,,,,X,X,,,,40,Variable,Variable,,,,,,,,,,,FT,-,-,-,-,FTVariable
,,955,,,,,,X,X,,,,40,Variable,Variable,,,,,,,,,,,FT,-,-,-,-,FTVariable
,,956,,,,,,X,X,,,,40,Variable,Variable,,,,,,,,,,,FT,-,-,-,-,FTVariable
,,957,,,,,,X,X,,,,40,Variable,Variable,,,,,,,,,,,FT,-,-,-,-,FTVariable
,,958,,,,,,X,X,,,,40,Variable,Variable,,,,,,,,,,,FT,-,-,-,-,FTVariable
,,959,,,,,,X,X,,,,40,Variable,Variable,,,,,,,,,,,FT,-,-,-,-,FTVariable
,,960,,,,,,X,X,,,,40,Variable,Variable,,,,,,,,,,,FT,-,-,-,-,FTVariable
,,961,,,,,,X,X,,,,40,Variable,Variable,,,,,,,,,,,FT,-,-,-,-,FTVariable
,,962,,,,,,X,X,,,,40,Variable,Variable,,,,,,,,,,,FT,-,-,-,-,FTVariable
,,963,,,,,,X,X,,,,40,Variable,Variable,,,,,,,,,,,FT,-,-,-,-,FTVariable
,,964,X,,,,,,X,,,,40,Variable,Variable,,,,,,,,,,,FT,-,-,-,-,FTVariable
,,965,X,,,,,,X,,,,40,Variable,Variable,,,,,,,,,,,FT,-,-,-,-,FTVariable
,,966,X,X,HBS VAR.,HBS VAR.,HBS VAR.,HBS VAR.,HBS VAR.,,,,40,,HBS Variable,,,,,,,,,,,FT,-,-,-,-,FT
,,967,HBS VAR.,X,X,HBS VAR.,HBS VAR.,HBS VAR.,HBS VAR.,,,,40,,HBS Variable,,,,,,,,,,,FT,-,-,-,-,FT
,,968,HBS VAR.,HBS VAR.,X,X,HBS VAR.,HBS VAR.,HBS VAR.,,,,40,,HBS Variable,,,,,,,,,,,FT,-,-,-,-,FT
,,969,HBS VAR.,HBS VAR.,HBS VAR.,HBS VAR.,HBS VAR.,X,X,,,,40,,HBS Variable,,,,,,,,,,,FT,-,-,-,-,FT
,,970,HBS VAR.,HBS VAR.,HBS VAR.,HBS VAR.,HBS VAR.,X,X,,,,40,,HBS Variable,,,,,,,,,,,FT,-,-,-,-,FT
,,971,HBS VAR.,HBS VAR.,HBS VAR.,HBS VAR.,HBS VAR.,X,X,,,,40,,HBS Variable,,,,,,,,,,,FT,-,-,-,-,FT
,,972,X,X,HBS VAR.,HBS VAR.,HBS VAR.,HBS VAR.,HBS VAR.,,,,40,,HBS Variable,,,,,,,,,,,FT,-,-,-,-,FT
,,973,HBS VAR.,HBS VAR.,X,X,HBS VAR.,HBS VAR.,HBS VAR.,,,,40,,HBS Variable,,,,,,,,,,,FT,-,-,-,-,FT
,,974,HBS VAR.,HBS VAR.,HBS VAR.,HBS VAR.,X,X,HBS VAR.,,,,40,,HBS Variable,,,,,,,,,,,FT,-,-,-,-,FT
,,975,HBS VAR.,HBS VAR.,HBS VAR.,HBS VAR.,HBS VAR.,X,X,,,,40,,HBS Variable,,,,,,,,,,,FT,-,-,-,-,FT
,,976,X,X,NPSV VAR.,NPSV VAR.,NPSV VAR.,NPSV VAR.,NPSV VAR.,,,,40,,NPSV Variable,,,,,,,,,,,,,,,,
,,977,NPSV VAR.,X,X,NPSV VAR.,NPSV VAR.,NPSV VAR.,NPSV VAR.,,,,40,,NPSV Variable,,,,,,,,,,,,,,,,
,,978,NPSV VAR.,NPSV VAR.,X,X,NPSV VAR.,NPSV VAR.,NPSV VAR.,,,,40,,NPSV Variable,,,,,,,,,,,,,,,,
,,979,NPSV VAR.,NPSV VAR.,NPSV VAR.,X,X,NPSV VAR.,NPSV VAR.,,,,40,,NPSV Variable,,,,,,,,,,,,,,,,
,,980,NPSV VAR.,NPSV VAR.,NPSV VAR.,NPSV VAR.,X,X,NPSV VAR.,,,,40,,NPSV Variable,,,,,,,,,,,,,,,,
,,981,NPSV VAR.,NPSV VAR.,NPSV VAR.,NPSV VAR.,NPSV VAR.,X,X,,,,40,,NPSV Variable,,,,,,,,,,,,,,,,
,,982,X,NPSV VAR.,NPSV VAR.,NPSV VAR.,NPSV VAR.,NPSV VAR.,X,,,,40,,NPSV Variable,,,,,,,,,,,,,,,,
,,983,NPSV VAR.,NPSV VAR.,NPSV VAR.,X,X,NPSV VAR.,NPSV VAR.,,,,40,,NPSV Variable,,,,,,,,,,,,,,,,